totim,kstp,kper,zone,STO-SS-IN,WEL-IN,STO-SS-OUT,WEL-OUT,FROM ZONE 0,FROM ZONE 1,FROM ZONE 2,FROM ZONE 3,TO ZONE 0,TO ZONE 1,TO ZONE 2,TO ZONE 3
7.000000000000000,1,1,1,.4530991482875380,.000000000000000,.000000000000000,.000000000000000,.000000000000000,.000000000000000,.000000000000000,.000000000000000,.000000000000000,.000000000000000,.4530987737327828,.000000000000000
7.000000000000000,1,1,2,.1838960604751464,.000000000000000,.000000000000000,.000000000000000,.000000000000000,.4530987737327828,.000000000000000,.000000000000000,.000000000000000,.000000000000000,.000000000000000,.6369948069739215
7.000000000000000,1,1,3,1.404543406803171,.000000000000000,.000000000000000,2.041538680000000,.000000000000000,.000000000000000,.6369948069739215,.000000000000000,.000000000000000,.000000000000000,.000000000000000,.000000000000000
14.00000000000000,1,2,1,.4099241697323828,.000000000000000,.000000000000000,.000000000000000,.000000000000000,.000000000000000,.000000000000000,.000000000000000,.000000000000000,.000000000000000,.4099232520419528,.000000000000000
14.00000000000000,1,2,2,.1317203160948338,.000000000000000,.000000000000000,.000000000000000,.000000000000000,.4099232520419528,.000000000000000,.000000000000000,.000000000000000,.000000000000000,.000000000000000,.5416437226141966
14.00000000000000,1,2,3,.4380201222898654,.000000000000000,.4451999410239688E-01,.9351446540000000,.000000000000000,.000000000000000,.5416437226141966,.000000000000000,.000000000000000,.000000000000000,.000000000000000,.000000000000000
21.00000000000000,1,3,1,.3314176677500444,.000000000000000,.000000000000000,.000000000000000,.000000000000000,.000000000000000,.000000000000000,.000000000000000,.000000000000000,.000000000000000,.3314160634625522,.000000000000000
21.00000000000000,1,3,2,.9689683315753483E-01,.000000000000000,.000000000000000,.000000000000000,.000000000000000,.3314160634625521,.000000000000000,.000000000000000,.000000000000000,.000000000000000,.000000000000000,.4283126336152985
21.00000000000000,1,3,3,.3023728187145235,.000000000000000,.8090072479424140E-02,.7225972830000000,.000000000000000,.000000000000000,.4283126336152985,.000000000000000,.000000000000000,.000000000000000,.000000000000000,.000000000000000
28.00000000000000,1,4,1,.6192349742753381,.000000000000000,.000000000000000,.000000000000000,.000000000000000,.000000000000000,.000000000000000,.000000000000000,.000000000000000,.000000000000000,.6192356604730264,.000000000000000
28.00000000000000,1,4,2,.2186563611655746,.000000000000000,.000000000000000,.000000000000000,.000000000000000,.6192356604730263,.000000000000000,.000000000000000,.000000000000000,.000000000000000,.000000000000000,.8378921823847638
28.00000000000000,1,4,3,1.326195309203723,.000000000000000,.000000000000000,2.164086750000000,.000000000000000,.000000000000000,.8378921823847638,.000000000000000,.000000000000000,.000000000000000,.000000000000000,.000000000000000
35.00000000000000,1,5,1,.7432932026581235,.000000000000000,.000000000000000,.000000000000000,.000000000000000,.000000000000000,.000000000000000,.000000000000000,.000000000000000,.000000000000000,.7432943837958963,.000000000000000
35.00000000000000,1,5,2,.2478035845784589,.000000000000000,.000000000000000,.000000000000000,.000000000000000,.7432943837958963,.000000000000000,.000000000000000,.000000000000000,.000000000000000,.000000000000000,.9910982269341631
35.00000000000000,1,5,3,1.142742947654297,.000000000000000,.000000000000000,2.133839870000000,.000000000000000,.000000000000000,.9910982269341631,.000000000000000,.000000000000000,.000000000000000,.000000000000000,.000000000000000
42.00000000000000,1,6,1,.4495292922563544,.000000000000000,.000000000000000,.000000000000000,.000000000000000,.000000000000000,.000000000000000,.000000000000000,.000000000000000,.000000000000000,.4495285962915665,.000000000000000
42.00000000000000,1,6,2,.1153235734770388,.000000000000000,.000000000000000,.000000000000000,.000000000000000,.4495285962915665,.000000000000000,.000000000000000,.000000000000000,.000000000000000,.000000000000000,.5648519248827376
42.00000000000000,1,6,3,.2645452778028428,.000000000000000,.2331946271026079,.5962035090000000,.000000000000000,.000000000000000,.5648519248827375,.000000000000000,.000000000000000,.000000000000000,.000000000000000,.000000000000000
49.00000000000000,1,7,1,.6831855535317646,.000000000000000,.000000000000000,.000000000000000,.000000000000000,.000000000000000,.000000000000000,.000000000000000,.000000000000000,.000000000000000,.6831854391026265,.000000000000000
49.00000000000000,1,7,2,.2299122645895896,.000000000000000,.000000000000000,.000000000000000,.000000000000000,.6831854391026265,.000000000000000,.000000000000000,.000000000000000,.000000000000000,.000000000000000,.9130977191511531
49.00000000000000,1,7,3,1.336949826401379,.000000000000000,.000000000000000,2.250047710000000,.000000000000000,.000000000000000,.9130977191511531,.000000000000000,.000000000000000,.000000000000000,.000000000000000,.000000000000000
56.00000000000000,1,8,1,.9487120982242436,.000000000000000,.000000000000000,.000000000000000,.000000000000000,.000000000000000,.000000000000000,.000000000000000,.000000000000000,.000000000000000,.9487123841357624,.000000000000000
56.00000000000000,1,8,2,.3231555733907708,.000000000000000,.000000000000000,.000000000000000,.000000000000000,.9487123841357624,.000000000000000,.000000000000000,.000000000000000,.000000000000000,.000000000000000,1.271867997450042
56.00000000000000,1,8,3,1.666088949558994,.000000000000000,.000000000000000,2.937956710000000,.000000000000000,.000000000000000,1.271867997450042,.000000000000000,.000000000000000,.000000000000000,.000000000000000,.000000000000000
63.00000000000000,1,9,1,.4382133703138971,.000000000000000,.6940564554670146E-02,.000000000000000,.000000000000000,.000000000000000,.000000000000000,.000000000000000,.000000000000000,.000000000000000,.4312731550307210,.000000000000000
63.00000000000000,1,9,2,.1007909609459873,.000000000000000,.1029558775177375E-01,.000000000000000,.000000000000000,.4312731550307210,.000000000000000,.000000000000000,.000000000000000,.000000000000000,.000000000000000,.5217686433497122
63.00000000000000,1,9,3,.1971955549698036,.000000000000000,.6141283496010405,.1048356750000000,.000000000000000,.000000000000000,.5217686433497122,.000000000000000,.000000000000000,.000000000000000,.000000000000000,.000000000000000
70.00000000000000,1,10,1,.8308531523706995,.000000000000000,.000000000000000,.000000000000000,.000000000000000,.000000000000000,.000000000000000,.000000000000000,.000000000000000,.000000000000000,.8308529663427063,.000000000000000
70.00000000000000,1,10,2,.2879515078420713,.000000000000000,.000000000000000,.000000000000000,.000000000000000,.8308529663427062,.000000000000000,.000000000000000,.000000000000000,.000000000000000,.000000000000000,1.118804501875202
70.00000000000000,1,10,3,1.856096188868570,.000000000000000,.000000000000000,2.974900950000000,.000000000000000,.000000000000000,1.118804501875202,.000000000000000,.000000000000000,.000000000000000,.000000000000000,.000000000000000
77.00000000000000,1,11,1,.5670158516839741,.000000000000000,.000000000000000,.000000000000000,.000000000000000,.000000000000000,.000000000000000,.000000000000000,.000000000000000,.000000000000000,.5670158498156800,.000000000000000
77.00000000000000,1,11,2,.1563289044174482,.000000000000000,.000000000000000,.000000000000000,.000000000000000,.5670158498156800,.000000000000000,.000000000000000,.000000000000000,.000000000000000,.000000000000000,.7233447904419755
77.00000000000000,1,11,3,.3952807636025717,.000000000000000,.2039348251327932,.9146907000000000,.000000000000000,.000000000000000,.7233447904419755,.000000000000000,.000000000000000,.000000000000000,.000000000000000,.000000000000000
84.00000000000000,1,12,1,.7530878039466762,.000000000000000,.000000000000000,.000000000000000,.000000000000000,.000000000000000,.000000000000000,.000000000000000,.000000000000000,.000000000000000,.7530885694673154,.000000000000000
84.00000000000000,1,12,2,.2480974311039708,.000000000000000,.000000000000000,.000000000000000,.000000000000000,.7530885694673154,.000000000000000,.000000000000000,.000000000000000,.000000000000000,.000000000000000,1.001186162296343
84.00000000000000,1,12,3,1.339123994975362,.000000000000000,.000000000000000,2.340309340000000,.000000000000000,.000000000000000,1.001186162296343,.000000000000000,.000000000000000,.000000000000000,.000000000000000,.000000000000000
91.00000000000000,1,13,1,.3768347289905035,.000000000000000,.1880875690196949E-02,.000000000000000,.000000000000000,.000000000000000,.000000000000000,.000000000000000,.000000000000000,.000000000000000,.3749540226555542,.000000000000000
91.00000000000000,1,13,2,.8790484356919674E-01,.000000000000000,.4904578715092412E-02,.000000000000000,.000000000000000,.3749540226555542,.000000000000000,.000000000000000,.000000000000000,.000000000000000,.000000000000000,.4579543457220424
91.00000000000000,1,13,3,.1803381012257873,.000000000000000,.4137377093859391,.2245545170000000,.000000000000000,.000000000000000,.4579543457220424,.000000000000000,.000000000000000,.000000000000000,.000000000000000,.000000000000000
98.00000000000000,1,14,1,.4050434524718974,.000000000000000,.000000000000000,.000000000000000,.000000000000000,.000000000000000,.000000000000000,.000000000000000,.000000000000000,.000000000000000,.4050451269424329,.000000000000000
98.00000000000000,1,14,2,.1222512245736971,.000000000000000,.000000000000000,.000000000000000,.000000000000000,.4050451269424329,.000000000000000,.000000000000000,.000000000000000,.000000000000000,.000000000000000,.5272961627787518
98.00000000000000,1,14,3,.6200425945110535,.000000000000000,.000000000000000,1.147337470000000,.000000000000000,.000000000000000,.5272961627787517,.000000000000000,.000000000000000,.000000000000000,.000000000000000,.000000000000000
105.0000000000000,1,15,1,.6810885408238568,.000000000000000,.000000000000000,.000000000000000,.000000000000000,.000000000000000,.000000000000000,.000000000000000,.000000000000000,.000000000000000,.6810890771972510,.000000000000000
105.0000000000000,1,15,2,.2367137368978027,.000000000000000,.000000000000000,.000000000000000,.000000000000000,.6810890771972510,.000000000000000,.000000000000000,.000000000000000,.000000000000000,.000000000000000,.9178029410496723
105.0000000000000,1,15,3,1.364652624136526,.000000000000000,.000000000000000,2.282455000000000,.000000000000000,.000000000000000,.9178029410496723,.000000000000000,.000000000000000,.000000000000000,.000000000000000,.000000000000000
112.0000000000000,1,16,1,.7639992101561575,.000000000000000,.000000000000000,.000000000000000,.000000000000000,.000000000000000,.000000000000000,.000000000000000,.000000000000000,.000000000000000,.7639990851779114,.000000000000000
112.0000000000000,1,16,2,.2500877720383412,.000000000000000,.000000000000000,.000000000000000,.000000000000000,.7639990851779114,.000000000000000,.000000000000000,.000000000000000,.000000000000000,.000000000000000,1.014086545536614
112.0000000000000,1,16,3,1.096416435368095,.000000000000000,.000000000000000,2.110503490000000,.000000000000000,.000000000000000,1.014086545536614,.000000000000000,.000000000000000,.000000000000000,.000000000000000,.000000000000000
119.0000000000000,1,17,1,.3771566405392133,.000000000000000,.2612528636906315E-02,.000000000000000,.000000000000000,.000000000000000,.000000000000000,.000000000000000,.000000000000000,.000000000000000,.3745443265252822,.000000000000000
119.0000000000000,1,17,2,.8769258717007974E-01,.000000000000000,.5608492731395666E-02,.000000000000000,.000000000000000,.3745443265252822,.000000000000000,.000000000000000,.000000000000000,.000000000000000,.000000000000000,.4566284873367737
119.0000000000000,1,17,3,.1779032816446013,.000000000000000,.4121078300460833,.2224236650000000,.000000000000000,.000000000000000,.4566284873367737,.000000000000000,.000000000000000,.000000000000000,.000000000000000,.000000000000000
126.0000000000000,1,18,1,.5925705815671133,.000000000000000,.000000000000000,.000000000000000,.000000000000000,.000000000000000,.000000000000000,.000000000000000,.000000000000000,.000000000000000,.5925705033155968,.000000000000000
126.0000000000000,1,18,2,.1982608075570183,.000000000000000,.000000000000000,.000000000000000,.000000000000000,.5925705033155968,.000000000000000,.000000000000000,.000000000000000,.000000000000000,.000000000000000,.7908313305108952
126.0000000000000,1,18,3,1.202894935701533,.000000000000000,.000000000000000,1.993726390000000,.000000000000000,.000000000000000,.7908313305108952,.000000000000000,.000000000000000,.000000000000000,.000000000000000,.000000000000000
133.0000000000000,1,19,1,.4708252591558049,.000000000000000,.000000000000000,.000000000000000,.000000000000000,.000000000000000,.000000000000000,.000000000000000,.000000000000000,.000000000000000,.4708247698434959,.000000000000000
133.0000000000000,1,19,2,.1370051241749893,.000000000000000,.000000000000000,.000000000000000,.000000000000000,.4708247698434959,.000000000000000,.000000000000000,.000000000000000,.000000000000000,.000000000000000,.6078297601176288
133.0000000000000,1,19,3,.4068341961482296,.000000000000000,.5719996160533603E-01,.9574646510000000,.000000000000000,.000000000000000,.6078297601176287,.000000000000000,.000000000000000,.000000000000000,.000000000000000,.000000000000000
140.0000000000000,1,20,1,.5689043383983471,.000000000000000,.000000000000000,.000000000000000,.000000000000000,.000000000000000,.000000000000000,.000000000000000,.000000000000000,.000000000000000,.5689047566540300,.000000000000000
140.0000000000000,1,20,2,.1843875286128195,.000000000000000,.000000000000000,.000000000000000,.000000000000000,.5689047566540300,.000000000000000,.000000000000000,.000000000000000,.000000000000000,.000000000000000,.7532923652210640
140.0000000000000,1,20,3,.9237740583118417,.000000000000000,.000000000000000,1.677065990000000,.000000000000000,.000000000000000,.7532923652210640,.000000000000000,.000000000000000,.000000000000000,.000000000000000,.000000000000000
147.0000000000000,1,21,1,.6584211709991783,.000000000000000,.000000000000000,.000000000000000,.000000000000000,.000000000000000,.000000000000000,.000000000000000,.000000000000000,.000000000000000,.6584227860880587,.000000000000000
147.0000000000000,1,21,2,.2144390212282787,.000000000000000,.000000000000000,.000000000000000,.000000000000000,.6584227860880587,.000000000000000,.000000000000000,.000000000000000,.000000000000000,.000000000000000,.8728617081848700
147.0000000000000,1,21,3,.9926858642128275,.000000000000000,.000000000000000,1.865546190000000,.000000000000000,.000000000000000,.8728617081848700,.000000000000000,.000000000000000,.000000000000000,.000000000000000,.000000000000000
154.0000000000000,1,22,1,.4681554649179083,.000000000000000,.000000000000000,.000000000000000,.000000000000000,.000000000000000,.000000000000000,.000000000000000,.000000000000000,.000000000000000,.4681549855782531,.000000000000000
154.0000000000000,1,22,2,.1293393223276701,.000000000000000,.000000000000000,.000000000000000,.000000000000000,.4681549855782530,.000000000000000,.000000000000000,.000000000000000,.000000000000000,.000000000000000,.5974941446101074
154.0000000000000,1,22,3,.3403787708388549,.000000000000000,.9618431866407884E-01,.8416892480000000,.000000000000000,.000000000000000,.5974941446101075,.000000000000000,.000000000000000,.000000000000000,.000000000000000,.000000000000000
161.0000000000000,1,23,1,.5650184055365419,.000000000000000,.000000000000000,.000000000000000,.000000000000000,.000000000000000,.000000000000000,.000000000000000,.000000000000000,.000000000000000,.5650188940357118,.000000000000000
161.0000000000000,1,23,2,.1816931907309368,.000000000000000,.000000000000000,.000000000000000,.000000000000000,.5650188940357118,.000000000000000,.000000000000000,.000000000000000,.000000000000000,.000000000000000,.7467121799311406
161.0000000000000,1,23,3,.9235476322295085,.000000000000000,.000000000000000,1.670259300000000,.000000000000000,.000000000000000,.7467121799311406,.000000000000000,.000000000000000,.000000000000000,.000000000000000,.000000000000000
168.0000000000000,1,24,1,.4774141047387755,.000000000000000,.000000000000000,.000000000000000,.000000000000000,.000000000000000,.000000000000000,.000000000000000,.000000000000000,.000000000000000,.4774125818225420,.000000000000000
168.0000000000000,1,24,2,.1409607338177847,.000000000000000,.000000000000000,.000000000000000,.000000000000000,.4774125818225420,.000000000000000,.000000000000000,.000000000000000,.000000000000000,.000000000000000,.6183734023173052
168.0000000000000,1,24,3,.4564476443554376,.000000000000000,.1885282910846271E-01,1.055969620000000,.000000000000000,.000000000000000,.6183734023173052,.000000000000000,.000000000000000,.000000000000000,.000000000000000,.000000000000000
175.0000000000000,1,25,1,.5127721645529504,.000000000000000,.000000000000000,.000000000000000,.000000000000000,.000000000000000,.000000000000000,.000000000000000,.000000000000000,.000000000000000,.5127741012586725,.000000000000000
175.0000000000000,1,25,2,.1612634134349125,.000000000000000,.000000000000000,.000000000000000,.000000000000000,.5127741012586725,.000000000000000,.000000000000000,.000000000000000,.000000000000000,.000000000000000,.6740380293374589
175.0000000000000,1,25,3,.7322581676652021,.000000000000000,.000000000000000,1.406293960000000,.000000000000000,.000000000000000,.6740380293374589,.000000000000000,.000000000000000,.000000000000000,.000000000000000,.000000000000000
182.0000000000000,1,26,1,.7204125338856527,.000000000000000,.000000000000000,.000000000000000,.000000000000000,.000000000000000,.000000000000000,.000000000000000,.000000000000000,.000000000000000,.7204129572373916,.000000000000000
182.0000000000000,1,26,2,.2438440104073370,.000000000000000,.000000000000000,.000000000000000,.000000000000000,.7204129572373916,.000000000000000,.000000000000000,.000000000000000,.000000000000000,.000000000000000,.9642570555374070
182.0000000000000,1,26,3,1.294680372023655,.000000000000000,.000000000000000,2.258937000000000,.000000000000000,.000000000000000,.9642570555374071,.000000000000000,.000000000000000,.000000000000000,.000000000000000,.000000000000000
189.0000000000000,1,27,1,.5520239812232632,.000000000000000,.000000000000000,.000000000000000,.000000000000000,.000000000000000,.000000000000000,.000000000000000,.000000000000000,.000000000000000,.5520234308395725,.000000000000000
189.0000000000000,1,27,2,.1594005733214627,.000000000000000,.000000000000000,.000000000000000,.000000000000000,.5520234308395725,.000000000000000,.000000000000000,.000000000000000,.000000000000000,.000000000000000,.7114238461148875
189.0000000000000,1,27,3,.4556263075812561,.000000000000000,.7904078258853439E-01,1.088010130000000,.000000000000000,.000000000000000,.7114238461148875,.000000000000000,.000000000000000,.000000000000000,.000000000000000,.000000000000000
196.0000000000000,1,28,1,.5248798068438228,.000000000000000,.000000000000000,.000000000000000,.000000000000000,.000000000000000,.000000000000000,.000000000000000,.000000000000000,.000000000000000,.5248781773154936,.000000000000000
196.0000000000000,1,28,2,.1583330059805113,.000000000000000,.000000000000000,.000000000000000,.000000000000000,.5248781773154936,.000000000000000,.000000000000000,.000000000000000,.000000000000000,.000000000000000,.6832110132550722
196.0000000000000,1,28,3,.6458341448901512,.000000000000000,.000000000000000,1.329047110000000,.000000000000000,.000000000000000,.6832110132550723,.000000000000000,.000000000000000,.000000000000000,.000000000000000,.000000000000000
203.0000000000000,1,29,1,.6203115898385020,.000000000000000,.000000000000000,.000000000000000,.000000000000000,.000000000000000,.000000000000000,.000000000000000,.000000000000000,.000000000000000,.6203123546743416,.000000000000000
203.0000000000000,1,29,2,.2006947593172289,.000000000000000,.000000000000000,.000000000000000,.000000000000000,.6203123546743415,.000000000000000,.000000000000000,.000000000000000,.000000000000000,.000000000000000,.8210074757376814
203.0000000000000,1,29,3,.9687017260338713,.000000000000000,.000000000000000,1.789708180000000,.000000000000000,.000000000000000,.8210074757376814,.000000000000000,.000000000000000,.000000000000000,.000000000000000,.000000000000000
210.0000000000000,1,30,1,.6685215494436382,.000000000000000,.000000000000000,.000000000000000,.000000000000000,.000000000000000,.000000000000000,.000000000000000,.000000000000000,.000000000000000,.6685229966461965,.000000000000000
210.0000000000000,1,30,2,.2137502404214897,.000000000000000,.000000000000000,.000000000000000,.000000000000000,.6685229966461965,.000000000000000,.000000000000000,.000000000000000,.000000000000000,.000000000000000,.8822733619429605
210.0000000000000,1,30,3,.9317423368407483,.000000000000000,.000000000000000,1.814014270000000,.000000000000000,.000000000000000,.8822733619429605,.000000000000000,.000000000000000,.000000000000000,.000000000000000,.000000000000000
217.0000000000000,1,31,1,.4298925690999603,.000000000000000,.000000000000000,.000000000000000,.000000000000000,.000000000000000,.000000000000000,.000000000000000,.000000000000000,.000000000000000,.4298920468808041,.000000000000000
217.0000000000000,1,31,2,.1121004841027220,.000000000000000,.000000000000000,.000000000000000,.000000000000000,.4298920468808041,.000000000000000,.000000000000000,.000000000000000,.000000000000000,.000000000000000,.5419923415943837
217.0000000000000,1,31,3,.2676883915663525,.000000000000000,.1556366917342836,.6540447490000000,.000000000000000,.000000000000000,.5419923415943837,.000000000000000,.000000000000000,.000000000000000,.000000000000000,.000000000000000
224.0000000000000,1,32,1,.5402610655183179,.000000000000000,.000000000000000,.000000000000000,.000000000000000,.000000000000000,.000000000000000,.000000000000000,.000000000000000,.000000000000000,.5402616218360075,.000000000000000
224.0000000000000,1,32,2,.1741844897542746,.000000000000000,.000000000000000,.000000000000000,.000000000000000,.5402616218360075,.000000000000000,.000000000000000,.000000000000000,.000000000000000,.000000000000000,.7144462250558009
224.0000000000000,1,32,3,.9213647757194018,.000000000000000,.000000000000000,1.635810410000000,.000000000000000,.000000000000000,.7144462250558010,.000000000000000,.000000000000000,.000000000000000,.000000000000000,.000000000000000
231.0000000000000,1,33,1,.5000477940928009,.000000000000000,.000000000000000,.000000000000000,.000000000000000,.000000000000000,.000000000000000,.000000000000000,.000000000000000,.000000000000000,.5000465355119301,.000000000000000
231.0000000000000,1,33,2,.1524673392101731,.000000000000000,.000000000000000,.000000000000000,.000000000000000,.5000465355119301,.000000000000000,.000000000000000,.000000000000000,.000000000000000,.000000000000000,.6525136413223545
231.0000000000000,1,33,3,.5545076309648923,.000000000000000,.4220614082109955E-02,1.202802270000000,.000000000000000,.000000000000000,.6525136413223545,.000000000000000,.000000000000000,.000000000000000,.000000000000000,.000000000000000
238.0000000000000,1,34,1,.4164000509434740,.000000000000000,.000000000000000,.000000000000000,.000000000000000,.000000000000000,.000000000000000,.000000000000000,.000000000000000,.000000000000000,.4164019254775098,.000000000000000
238.0000000000000,1,34,2,.1208736853368811,.000000000000000,.000000000000000,.000000000000000,.000000000000000,.4164019254775098,.000000000000000,.000000000000000,.000000000000000,.000000000000000,.000000000000000,.5372754608173127
238.0000000000000,1,34,3,.3928844580112631,.000000000000000,.6006654492276442E-02,.9241512440000000,.000000000000000,.000000000000000,.5372754608173127,.000000000000000,.000000000000000,.000000000000000,.000000000000000,.000000000000000
245.0000000000000,1,35,1,.6306870079869495,.000000000000000,.000000000000000,.000000000000000,.000000000000000,.000000000000000,.000000000000000,.000000000000000,.000000000000000,.000000000000000,.6306875780473524,.000000000000000
245.0000000000000,1,35,2,.2146054743084438,.000000000000000,.000000000000000,.000000000000000,.000000000000000,.6306875780473524,.000000000000000,.000000000000000,.000000000000000,.000000000000000,.000000000000000,.8452931804030883
245.0000000000000,1,35,3,1.206564295952906,.000000000000000,.000000000000000,2.051856870000000,.000000000000000,.000000000000000,.8452931804030883,.000000000000000,.000000000000000,.000000000000000,.000000000000000,.000000000000000
252.0000000000000,1,36,1,.4286314063835966,.000000000000000,.000000000000000,.000000000000000,.000000000000000,.000000000000000,.000000000000000,.000000000000000,.000000000000000,.000000000000000,.4286307786802089,.000000000000000
252.0000000000000,1,36,2,.1174630630860573,.000000000000000,.000000000000000,.000000000000000,.000000000000000,.4286307786802089,.000000000000000,.000000000000000,.000000000000000,.000000000000000,.000000000000000,.5460936431782530
252.0000000000000,1,36,3,.2957363273694072,.000000000000000,.1410767075773380,.7007540880000001,.000000000000000,.000000000000000,.5460936431782530,.000000000000000,.000000000000000,.000000000000000,.000000000000000,.000000000000000
259.0000000000000,1,37,1,.7586840206507628,.000000000000000,.000000000000000,.000000000000000,.000000000000000,.000000000000000,.000000000000000,.000000000000000,.000000000000000,.000000000000000,.7586838094004525,.000000000000000
259.0000000000000,1,37,2,.2642415138806488,.000000000000000,.000000000000000,.000000000000000,.000000000000000,.7586838094004525,.000000000000000,.000000000000000,.000000000000000,.000000000000000,.000000000000000,1.022925332445247
259.0000000000000,1,37,3,1.598850979786848,.000000000000000,.000000000000000,2.621776590000000,.000000000000000,.000000000000000,1.022925332445247,.000000000000000,.000000000000000,.000000000000000,.000000000000000,.000000000000000
266.0000000000000,1,38,1,.4094013013521851,.000000000000000,.000000000000000,.000000000000000,.000000000000000,.000000000000000,.000000000000000,.000000000000000,.000000000000000,.000000000000000,.4094014077402353,.000000000000000
266.0000000000000,1,38,2,.9987642338506807E-01,.000000000000000,.5413888018588053E-03,.000000000000000,.000000000000000,.4094014077402353,.000000000000000,.000000000000000,.000000000000000,.000000000000000,.000000000000000,.5087364898088659
266.0000000000000,1,38,3,.2184765143386556,.000000000000000,.3712331797431453,.3559796680000000,.000000000000000,.000000000000000,.5087364898088659,.000000000000000,.000000000000000,.000000000000000,.000000000000000,.000000000000000
273.0000000000000,1,39,1,.5204274808620111,.000000000000000,.000000000000000,.000000000000000,.000000000000000,.000000000000000,.000000000000000,.000000000000000,.000000000000000,.000000000000000,.5204281562677789,.000000000000000
273.0000000000000,1,39,2,.1671032777615019,.000000000000000,.000000000000000,.000000000000000,.000000000000000,.5204281562677789,.000000000000000,.000000000000000,.000000000000000,.000000000000000,.000000000000000,.6875315722127172
273.0000000000000,1,39,3,.9142517022093453,.000000000000000,.000000000000000,1.601782550000000,.000000000000000,.000000000000000,.6875315722127172,.000000000000000,.000000000000000,.000000000000000,.000000000000000,.000000000000000
280.0000000000000,1,40,1,.2734361854921203,.000000000000000,.3932199402143233E-03,.000000000000000,.000000000000000,.000000000000000,.000000000000000,.000000000000000,.000000000000000,.000000000000000,.2730423614928522,.000000000000000
280.0000000000000,1,40,2,.6421713520894336E-01,.000000000000000,.2242130527425709E-02,.000000000000000,.000000000000000,.2730423614928522,.000000000000000,.000000000000000,.000000000000000,.000000000000000,.000000000000000,.3350171569154550
280.0000000000000,1,40,3,.1356695363415943,.000000000000000,.2543404946123167,.2163470090000000,.000000000000000,.000000000000000,.3350171569154550,.000000000000000,.000000000000000,.000000000000000,.000000000000000,.000000000000000
287.0000000000000,1,41,1,.3009556172570773,.000000000000000,.000000000000000,.000000000000000,.000000000000000,.000000000000000,.000000000000000,.000000000000000,.000000000000000,.000000000000000,.3009565217005438,.000000000000000
287.0000000000000,1,41,2,.9168748967138739E-01,.000000000000000,.000000000000000,.000000000000000,.000000000000000,.3009565217005438,.000000000000000,.000000000000000,.000000000000000,.000000000000000,.000000000000000,.3926443795050459
287.0000000000000,1,41,3,.4660638803518130,.000000000000000,.000000000000000,.8587071580000000,.000000000000000,.000000000000000,.3926443795050459,.000000000000000,.000000000000000,.000000000000000,.000000000000000,.000000000000000
294.0000000000000,1,42,1,.6452271611520063,.000000000000000,.000000000000000,.000000000000000,.000000000000000,.000000000000000,.000000000000000,.000000000000000,.000000000000000,.000000000000000,.6452278140460828,.000000000000000
294.0000000000000,1,42,2,.2325546966390978,.000000000000000,.000000000000000,.000000000000000,.000000000000000,.6452278140460828,.000000000000000,.000000000000000,.000000000000000,.000000000000000,.000000000000000,.8777826707467572
294.0000000000000,1,42,3,1.445102762173123,.000000000000000,.000000000000000,2.322884730000000,.000000000000000,.000000000000000,.8777826707467572,.000000000000000,.000000000000000,.000000000000000,.000000000000000,.000000000000000
301.0000000000000,1,43,1,.3800994364012888,.000000000000000,.000000000000000,.000000000000000,.000000000000000,.000000000000000,.000000000000000,.000000000000000,.000000000000000,.000000000000000,.3800994863330779,.000000000000000
301.0000000000000,1,43,2,.9910025331284525E-01,.000000000000000,.000000000000000,.000000000000000,.000000000000000,.3800994863330779,.000000000000000,.000000000000000,.000000000000000,.000000000000000,.000000000000000,.4791997732499757
301.0000000000000,1,43,3,.2260218393049117,.000000000000000,.2620794435619221,.4431420820000000,.000000000000000,.000000000000000,.4791997732499757,.000000000000000,.000000000000000,.000000000000000,.000000000000000,.000000000000000
308.0000000000000,1,44,1,.3368934663654601,.000000000000000,.000000000000000,.000000000000000,.000000000000000,.000000000000000,.000000000000000,.000000000000000,.000000000000000,.000000000000000,.3368934180134985,.000000000000000
308.0000000000000,1,44,2,.9720808947529541E-01,.000000000000000,.000000000000000,.000000000000000,.000000000000000,.3368934180134985,.000000000000000,.000000000000000,.000000000000000,.000000000000000,.000000000000000,.4341017683785426
308.0000000000000,1,44,3,.3893926550149862,.000000000000000,.000000000000000,.8234942990000000,.000000000000000,.000000000000000,.4341017683785425,.000000000000000,.000000000000000,.000000000000000,.000000000000000,.000000000000000
315.0000000000000,1,45,1,.4359137004005424,.000000000000000,.000000000000000,.000000000000000,.000000000000000,.000000000000000,.000000000000000,.000000000000000,.000000000000000,.000000000000000,.4359144606457161,.000000000000000
315.0000000000000,1,45,2,.1431406771700469,.000000000000000,.000000000000000,.000000000000000,.000000000000000,.4359144606457161,.000000000000000,.000000000000000,.000000000000000,.000000000000000,.000000000000000,.5790554727872143
315.0000000000000,1,45,3,.7396984659311578,.000000000000000,.000000000000000,1.318752940000000,.000000000000000,.000000000000000,.5790554727872143,.000000000000000,.000000000000000,.000000000000000,.000000000000000,.000000000000000
322.0000000000000,1,46,1,.4910923581642579,.000000000000000,.000000000000000,.000000000000000,.000000000000000,.000000000000000,.000000000000000,.000000000000000,.000000000000000,.000000000000000,.4910937176790927,.000000000000000
322.0000000000000,1,46,2,.1592075677531092,.000000000000000,.000000000000000,.000000000000000,.000000000000000,.4910937176790927,.000000000000000,.000000000000000,.000000000000000,.000000000000000,.000000000000000,.6503017207856088
322.0000000000000,1,46,3,.7163890047427062,.000000000000000,.000000000000000,1.366689040000000,.000000000000000,.000000000000000,.6503017207856089,.000000000000000,.000000000000000,.000000000000000,.000000000000000,.000000000000000
329.0000000000000,1,47,1,.4732562924275560,.000000000000000,.000000000000000,.000000000000000,.000000000000000,.000000000000000,.000000000000000,.000000000000000,.000000000000000,.000000000000000,.4732555147646489,.000000000000000
329.0000000000000,1,47,2,.1467071828700892,.000000000000000,.000000000000000,.000000000000000,.000000000000000,.4732555147646489,.000000000000000,.000000000000000,.000000000000000,.000000000000000,.000000000000000,.6199628548256294
329.0000000000000,1,47,3,.5686971354778430,.000000000000000,.2285468983389966E-03,1.188432210000000,.000000000000000,.000000000000000,.6199628548256294,.000000000000000,.000000000000000,.000000000000000,.000000000000000,.000000000000000
336.0000000000000,1,48,1,.5880502860711296,.000000000000000,.000000000000000,.000000000000000,.000000000000000,.000000000000000,.000000000000000,.000000000000000,.000000000000000,.000000000000000,.5880505984413038,.000000000000000
336.0000000000000,1,48,2,.1936235458683817,.000000000000000,.000000000000000,.000000000000000,.000000000000000,.5880505984413039,.000000000000000,.000000000000000,.000000000000000,.000000000000000,.000000000000000,.7816741992738827
336.0000000000000,1,48,3,.9649926198236219,.000000000000000,.000000000000000,1.746666510000000,.000000000000000,.000000000000000,.7816741992738827,.000000000000000,.000000000000000,.000000000000000,.000000000000000,.000000000000000
343.0000000000000,1,49,1,.6411376575312866,.000000000000000,.000000000000000,.000000000000000,.000000000000000,.000000000000000,.000000000000000,.000000000000000,.000000000000000,.000000000000000,.6411386276803079,.000000000000000
343.0000000000000,1,49,2,.2063630199458099,.000000000000000,.000000000000000,.000000000000000,.000000000000000,.6411386276803078,.000000000000000,.000000000000000,.000000000000000,.000000000000000,.000000000000000,.8475022773039994
343.0000000000000,1,49,3,.9039875127717367,.000000000000000,.000000000000000,1.751488310000000,.000000000000000,.000000000000000,.8475022773039994,.000000000000000,.000000000000000,.000000000000000,.000000000000000,.000000000000000
350.0000000000000,1,50,1,.7996317555229948,.000000000000000,.000000000000000,.000000000000000,.000000000000000,.000000000000000,.000000000000000,.000000000000000,.000000000000000,.000000000000000,.7996320868979639,.000000000000000
350.0000000000000,1,50,2,.2650363722774156,.000000000000000,.000000000000000,.000000000000000,.000000000000000,.7996320868979639,.000000000000000,.000000000000000,.000000000000000,.000000000000000,.000000000000000,1.064668509058245
350.0000000000000,1,50,3,1.307958800487161,.000000000000000,.000000000000000,2.372627000000000,.000000000000000,.000000000000000,1.064668509058245,.000000000000000,.000000000000000,.000000000000000,.000000000000000,.000000000000000
357.0000000000000,1,51,1,.3569530872159474,.000000000000000,.1235378782822755E-01,.000000000000000,.000000000000000,.000000000000000,.000000000000000,.000000000000000,.000000000000000,.000000000000000,.3445994967976138,.000000000000000
357.0000000000000,1,51,2,.7977914192589296E-01,.000000000000000,.1270005641981510E-01,.000000000000000,.000000000000000,.3445994967976138,.000000000000000,.000000000000000,.000000000000000,.000000000000000,.000000000000000,.4116786379492404
357.0000000000000,1,51,3,.1497669878452229,.000000000000000,.5537510158557829,.7694235130000000E-02,.000000000000000,.000000000000000,.4116786379492404,.000000000000000,.000000000000000,.000000000000000,.000000000000000,.000000000000000
364.0000000000000,1,52,1,.3970679483922892,.000000000000000,.000000000000000,.000000000000000,.000000000000000,.000000000000000,.000000000000000,.000000000000000,.000000000000000,.000000000000000,.3970698192935180,.000000000000000
364.0000000000000,1,52,2,.1206795837088130,.000000000000000,.000000000000000,.000000000000000,.000000000000000,.3970698192935180,.000000000000000,.000000000000000,.000000000000000,.000000000000000,.000000000000000,.5177491527846414
364.0000000000000,1,52,3,.6597976983582093,.000000000000000,.000000000000000,1.177545440000000,.000000000000000,.000000000000000,.5177491527846413,.000000000000000,.000000000000000,.000000000000000,.000000000000000,.000000000000000
