,r,c,sp,sidx,idx_strs,pargpa,parval1_a,a
0,72,58,0,"(72, 58, 0)",r:72_c:58_sp:0,p_inst:0,1.0,1.0
1,70,32,0,"(70, 32, 0)",r:70_c:32_sp:0,p_inst:0,1.0,1.0
2,41,36,0,"(41, 36, 0)",r:41_c:36_sp:0,p_inst:0,1.0,1.0
3,84,42,0,"(84, 42, 0)",r:84_c:42_sp:0,p_inst:0,1.0,1.0
4,76,61,0,"(76, 61, 0)",r:76_c:61_sp:0,p_inst:0,1.0,1.0
5,72,45,0,"(72, 45, 0)",r:72_c:45_sp:0,p_inst:0,1.0,1.0
6,37,35,0,"(37, 35, 0)",r:37_c:35_sp:0,p_inst:0,1.0,1.0
7,34,60,0,"(34, 60, 0)",r:34_c:60_sp:0,p_inst:0,1.0,1.0
8,66,39,0,"(66, 39, 0)",r:66_c:39_sp:0,p_inst:0,1.0,1.0
9,58,52,0,"(58, 52, 0)",r:58_c:52_sp:0,p_inst:0,1.0,1.0
10,54,31,0,"(54, 31, 0)",r:54_c:31_sp:0,p_inst:0,1.0,1.0
11,34,54,0,"(34, 54, 0)",r:34_c:54_sp:0,p_inst:0,1.0,1.0
12,55,37,0,"(55, 37, 0)",r:55_c:37_sp:0,p_inst:0,1.0,1.0
13,77,52,0,"(77, 52, 0)",r:77_c:52_sp:0,p_inst:0,1.0,1.0
14,35,37,0,"(35, 37, 0)",r:35_c:37_sp:0,p_inst:0,1.0,1.0
15,71,31,0,"(71, 31, 0)",r:71_c:31_sp:0,p_inst:0,1.0,1.0
16,73,59,0,"(73, 59, 0)",r:73_c:59_sp:0,p_inst:0,1.0,1.0
17,54,41,0,"(54, 41, 0)",r:54_c:41_sp:0,p_inst:0,1.0,1.0
18,68,55,0,"(68, 55, 0)",r:68_c:55_sp:0,p_inst:0,1.0,1.0
19,59,40,0,"(59, 40, 0)",r:59_c:40_sp:0,p_inst:0,1.0,1.0
20,72,58,1,"(72, 58, 1)",r:72_c:58_sp:1,p_inst:0,1.0,1.0
21,70,32,1,"(70, 32, 1)",r:70_c:32_sp:1,p_inst:0,1.0,1.0
22,41,36,1,"(41, 36, 1)",r:41_c:36_sp:1,p_inst:0,1.0,1.0
23,84,42,1,"(84, 42, 1)",r:84_c:42_sp:1,p_inst:0,1.0,1.0
24,76,61,1,"(76, 61, 1)",r:76_c:61_sp:1,p_inst:0,1.0,1.0
25,72,45,1,"(72, 45, 1)",r:72_c:45_sp:1,p_inst:0,1.0,1.0
26,37,35,1,"(37, 35, 1)",r:37_c:35_sp:1,p_inst:0,1.0,1.0
27,34,60,1,"(34, 60, 1)",r:34_c:60_sp:1,p_inst:0,1.0,1.0
28,66,39,1,"(66, 39, 1)",r:66_c:39_sp:1,p_inst:0,1.0,1.0
29,58,52,1,"(58, 52, 1)",r:58_c:52_sp:1,p_inst:0,1.0,1.0
30,54,31,1,"(54, 31, 1)",r:54_c:31_sp:1,p_inst:0,1.0,1.0
31,34,54,1,"(34, 54, 1)",r:34_c:54_sp:1,p_inst:0,1.0,1.0
32,55,37,1,"(55, 37, 1)",r:55_c:37_sp:1,p_inst:0,1.0,1.0
33,77,52,1,"(77, 52, 1)",r:77_c:52_sp:1,p_inst:0,1.0,1.0
34,35,37,1,"(35, 37, 1)",r:35_c:37_sp:1,p_inst:0,1.0,1.0
35,71,31,1,"(71, 31, 1)",r:71_c:31_sp:1,p_inst:0,1.0,1.0
36,73,59,1,"(73, 59, 1)",r:73_c:59_sp:1,p_inst:0,1.0,1.0
37,54,41,1,"(54, 41, 1)",r:54_c:41_sp:1,p_inst:0,1.0,1.0
38,68,55,1,"(68, 55, 1)",r:68_c:55_sp:1,p_inst:0,1.0,1.0
39,59,40,1,"(59, 40, 1)",r:59_c:40_sp:1,p_inst:0,1.0,1.0
40,72,58,2,"(72, 58, 2)",r:72_c:58_sp:2,p_inst:0,1.0,1.0
41,70,32,2,"(70, 32, 2)",r:70_c:32_sp:2,p_inst:0,1.0,1.0
42,41,36,2,"(41, 36, 2)",r:41_c:36_sp:2,p_inst:0,1.0,1.0
43,84,42,2,"(84, 42, 2)",r:84_c:42_sp:2,p_inst:0,1.0,1.0
44,76,61,2,"(76, 61, 2)",r:76_c:61_sp:2,p_inst:0,1.0,1.0
45,72,45,2,"(72, 45, 2)",r:72_c:45_sp:2,p_inst:0,1.0,1.0
46,37,35,2,"(37, 35, 2)",r:37_c:35_sp:2,p_inst:0,1.0,1.0
47,34,60,2,"(34, 60, 2)",r:34_c:60_sp:2,p_inst:0,1.0,1.0
48,66,39,2,"(66, 39, 2)",r:66_c:39_sp:2,p_inst:0,1.0,1.0
49,58,52,2,"(58, 52, 2)",r:58_c:52_sp:2,p_inst:0,1.0,1.0
50,54,31,2,"(54, 31, 2)",r:54_c:31_sp:2,p_inst:0,1.0,1.0
51,34,54,2,"(34, 54, 2)",r:34_c:54_sp:2,p_inst:0,1.0,1.0
52,55,37,2,"(55, 37, 2)",r:55_c:37_sp:2,p_inst:0,1.0,1.0
53,77,52,2,"(77, 52, 2)",r:77_c:52_sp:2,p_inst:0,1.0,1.0
54,35,37,2,"(35, 37, 2)",r:35_c:37_sp:2,p_inst:0,1.0,1.0
55,71,31,2,"(71, 31, 2)",r:71_c:31_sp:2,p_inst:0,1.0,1.0
56,73,59,2,"(73, 59, 2)",r:73_c:59_sp:2,p_inst:0,1.0,1.0
57,54,41,2,"(54, 41, 2)",r:54_c:41_sp:2,p_inst:0,1.0,1.0
58,68,55,2,"(68, 55, 2)",r:68_c:55_sp:2,p_inst:0,1.0,1.0
59,59,40,2,"(59, 40, 2)",r:59_c:40_sp:2,p_inst:0,1.0,1.0
60,72,58,3,"(72, 58, 3)",r:72_c:58_sp:3,p_inst:0,1.0,1.0
61,70,32,3,"(70, 32, 3)",r:70_c:32_sp:3,p_inst:0,1.0,1.0
62,41,36,3,"(41, 36, 3)",r:41_c:36_sp:3,p_inst:0,1.0,1.0
63,84,42,3,"(84, 42, 3)",r:84_c:42_sp:3,p_inst:0,1.0,1.0
64,76,61,3,"(76, 61, 3)",r:76_c:61_sp:3,p_inst:0,1.0,1.0
65,72,45,3,"(72, 45, 3)",r:72_c:45_sp:3,p_inst:0,1.0,1.0
66,37,35,3,"(37, 35, 3)",r:37_c:35_sp:3,p_inst:0,1.0,1.0
67,34,60,3,"(34, 60, 3)",r:34_c:60_sp:3,p_inst:0,1.0,1.0
68,66,39,3,"(66, 39, 3)",r:66_c:39_sp:3,p_inst:0,1.0,1.0
69,58,52,3,"(58, 52, 3)",r:58_c:52_sp:3,p_inst:0,1.0,1.0
70,54,31,3,"(54, 31, 3)",r:54_c:31_sp:3,p_inst:0,1.0,1.0
71,34,54,3,"(34, 54, 3)",r:34_c:54_sp:3,p_inst:0,1.0,1.0
72,55,37,3,"(55, 37, 3)",r:55_c:37_sp:3,p_inst:0,1.0,1.0
73,77,52,3,"(77, 52, 3)",r:77_c:52_sp:3,p_inst:0,1.0,1.0
74,35,37,3,"(35, 37, 3)",r:35_c:37_sp:3,p_inst:0,1.0,1.0
75,71,31,3,"(71, 31, 3)",r:71_c:31_sp:3,p_inst:0,1.0,1.0
76,73,59,3,"(73, 59, 3)",r:73_c:59_sp:3,p_inst:0,1.0,1.0
77,54,41,3,"(54, 41, 3)",r:54_c:41_sp:3,p_inst:0,1.0,1.0
78,68,55,3,"(68, 55, 3)",r:68_c:55_sp:3,p_inst:0,1.0,1.0
79,59,40,3,"(59, 40, 3)",r:59_c:40_sp:3,p_inst:0,1.0,1.0
80,72,58,4,"(72, 58, 4)",r:72_c:58_sp:4,p_inst:0,1.0,1.0
81,70,32,4,"(70, 32, 4)",r:70_c:32_sp:4,p_inst:0,1.0,1.0
82,41,36,4,"(41, 36, 4)",r:41_c:36_sp:4,p_inst:0,1.0,1.0
83,84,42,4,"(84, 42, 4)",r:84_c:42_sp:4,p_inst:0,1.0,1.0
84,76,61,4,"(76, 61, 4)",r:76_c:61_sp:4,p_inst:0,1.0,1.0
85,72,45,4,"(72, 45, 4)",r:72_c:45_sp:4,p_inst:0,1.0,1.0
86,37,35,4,"(37, 35, 4)",r:37_c:35_sp:4,p_inst:0,1.0,1.0
87,34,60,4,"(34, 60, 4)",r:34_c:60_sp:4,p_inst:0,1.0,1.0
88,66,39,4,"(66, 39, 4)",r:66_c:39_sp:4,p_inst:0,1.0,1.0
89,58,52,4,"(58, 52, 4)",r:58_c:52_sp:4,p_inst:0,1.0,1.0
90,54,31,4,"(54, 31, 4)",r:54_c:31_sp:4,p_inst:0,1.0,1.0
91,34,54,4,"(34, 54, 4)",r:34_c:54_sp:4,p_inst:0,1.0,1.0
92,55,37,4,"(55, 37, 4)",r:55_c:37_sp:4,p_inst:0,1.0,1.0
93,77,52,4,"(77, 52, 4)",r:77_c:52_sp:4,p_inst:0,1.0,1.0
94,35,37,4,"(35, 37, 4)",r:35_c:37_sp:4,p_inst:0,1.0,1.0
95,71,31,4,"(71, 31, 4)",r:71_c:31_sp:4,p_inst:0,1.0,1.0
96,73,59,4,"(73, 59, 4)",r:73_c:59_sp:4,p_inst:0,1.0,1.0
97,54,41,4,"(54, 41, 4)",r:54_c:41_sp:4,p_inst:0,1.0,1.0
98,68,55,4,"(68, 55, 4)",r:68_c:55_sp:4,p_inst:0,1.0,1.0
99,59,40,4,"(59, 40, 4)",r:59_c:40_sp:4,p_inst:0,1.0,1.0
100,72,58,5,"(72, 58, 5)",r:72_c:58_sp:5,p_inst:0,1.0,1.0
101,70,32,5,"(70, 32, 5)",r:70_c:32_sp:5,p_inst:0,1.0,1.0
102,41,36,5,"(41, 36, 5)",r:41_c:36_sp:5,p_inst:0,1.0,1.0
103,84,42,5,"(84, 42, 5)",r:84_c:42_sp:5,p_inst:0,1.0,1.0
104,76,61,5,"(76, 61, 5)",r:76_c:61_sp:5,p_inst:0,1.0,1.0
105,72,45,5,"(72, 45, 5)",r:72_c:45_sp:5,p_inst:0,1.0,1.0
106,37,35,5,"(37, 35, 5)",r:37_c:35_sp:5,p_inst:0,1.0,1.0
107,34,60,5,"(34, 60, 5)",r:34_c:60_sp:5,p_inst:0,1.0,1.0
108,66,39,5,"(66, 39, 5)",r:66_c:39_sp:5,p_inst:0,1.0,1.0
109,58,52,5,"(58, 52, 5)",r:58_c:52_sp:5,p_inst:0,1.0,1.0
110,54,31,5,"(54, 31, 5)",r:54_c:31_sp:5,p_inst:0,1.0,1.0
111,34,54,5,"(34, 54, 5)",r:34_c:54_sp:5,p_inst:0,1.0,1.0
112,55,37,5,"(55, 37, 5)",r:55_c:37_sp:5,p_inst:0,1.0,1.0
113,77,52,5,"(77, 52, 5)",r:77_c:52_sp:5,p_inst:0,1.0,1.0
114,35,37,5,"(35, 37, 5)",r:35_c:37_sp:5,p_inst:0,1.0,1.0
115,71,31,5,"(71, 31, 5)",r:71_c:31_sp:5,p_inst:0,1.0,1.0
116,73,59,5,"(73, 59, 5)",r:73_c:59_sp:5,p_inst:0,1.0,1.0
117,54,41,5,"(54, 41, 5)",r:54_c:41_sp:5,p_inst:0,1.0,1.0
118,68,55,5,"(68, 55, 5)",r:68_c:55_sp:5,p_inst:0,1.0,1.0
119,59,40,5,"(59, 40, 5)",r:59_c:40_sp:5,p_inst:0,1.0,1.0
120,72,58,6,"(72, 58, 6)",r:72_c:58_sp:6,p_inst:0,1.0,1.0
121,70,32,6,"(70, 32, 6)",r:70_c:32_sp:6,p_inst:0,1.0,1.0
122,41,36,6,"(41, 36, 6)",r:41_c:36_sp:6,p_inst:0,1.0,1.0
123,84,42,6,"(84, 42, 6)",r:84_c:42_sp:6,p_inst:0,1.0,1.0
124,76,61,6,"(76, 61, 6)",r:76_c:61_sp:6,p_inst:0,1.0,1.0
125,72,45,6,"(72, 45, 6)",r:72_c:45_sp:6,p_inst:0,1.0,1.0
126,37,35,6,"(37, 35, 6)",r:37_c:35_sp:6,p_inst:0,1.0,1.0
127,34,60,6,"(34, 60, 6)",r:34_c:60_sp:6,p_inst:0,1.0,1.0
128,66,39,6,"(66, 39, 6)",r:66_c:39_sp:6,p_inst:0,1.0,1.0
129,58,52,6,"(58, 52, 6)",r:58_c:52_sp:6,p_inst:0,1.0,1.0
130,54,31,6,"(54, 31, 6)",r:54_c:31_sp:6,p_inst:0,1.0,1.0
131,34,54,6,"(34, 54, 6)",r:34_c:54_sp:6,p_inst:0,1.0,1.0
132,55,37,6,"(55, 37, 6)",r:55_c:37_sp:6,p_inst:0,1.0,1.0
133,77,52,6,"(77, 52, 6)",r:77_c:52_sp:6,p_inst:0,1.0,1.0
134,35,37,6,"(35, 37, 6)",r:35_c:37_sp:6,p_inst:0,1.0,1.0
135,71,31,6,"(71, 31, 6)",r:71_c:31_sp:6,p_inst:0,1.0,1.0
136,73,59,6,"(73, 59, 6)",r:73_c:59_sp:6,p_inst:0,1.0,1.0
137,54,41,6,"(54, 41, 6)",r:54_c:41_sp:6,p_inst:0,1.0,1.0
138,68,55,6,"(68, 55, 6)",r:68_c:55_sp:6,p_inst:0,1.0,1.0
139,59,40,6,"(59, 40, 6)",r:59_c:40_sp:6,p_inst:0,1.0,1.0
140,72,58,7,"(72, 58, 7)",r:72_c:58_sp:7,p_inst:0,1.0,1.0
141,70,32,7,"(70, 32, 7)",r:70_c:32_sp:7,p_inst:0,1.0,1.0
142,41,36,7,"(41, 36, 7)",r:41_c:36_sp:7,p_inst:0,1.0,1.0
143,84,42,7,"(84, 42, 7)",r:84_c:42_sp:7,p_inst:0,1.0,1.0
144,76,61,7,"(76, 61, 7)",r:76_c:61_sp:7,p_inst:0,1.0,1.0
145,72,45,7,"(72, 45, 7)",r:72_c:45_sp:7,p_inst:0,1.0,1.0
146,37,35,7,"(37, 35, 7)",r:37_c:35_sp:7,p_inst:0,1.0,1.0
147,34,60,7,"(34, 60, 7)",r:34_c:60_sp:7,p_inst:0,1.0,1.0
148,66,39,7,"(66, 39, 7)",r:66_c:39_sp:7,p_inst:0,1.0,1.0
149,58,52,7,"(58, 52, 7)",r:58_c:52_sp:7,p_inst:0,1.0,1.0
150,54,31,7,"(54, 31, 7)",r:54_c:31_sp:7,p_inst:0,1.0,1.0
151,34,54,7,"(34, 54, 7)",r:34_c:54_sp:7,p_inst:0,1.0,1.0
152,55,37,7,"(55, 37, 7)",r:55_c:37_sp:7,p_inst:0,1.0,1.0
153,77,52,7,"(77, 52, 7)",r:77_c:52_sp:7,p_inst:0,1.0,1.0
154,35,37,7,"(35, 37, 7)",r:35_c:37_sp:7,p_inst:0,1.0,1.0
155,71,31,7,"(71, 31, 7)",r:71_c:31_sp:7,p_inst:0,1.0,1.0
156,73,59,7,"(73, 59, 7)",r:73_c:59_sp:7,p_inst:0,1.0,1.0
157,54,41,7,"(54, 41, 7)",r:54_c:41_sp:7,p_inst:0,1.0,1.0
158,68,55,7,"(68, 55, 7)",r:68_c:55_sp:7,p_inst:0,1.0,1.0
159,59,40,7,"(59, 40, 7)",r:59_c:40_sp:7,p_inst:0,1.0,1.0
160,72,58,8,"(72, 58, 8)",r:72_c:58_sp:8,p_inst:0,1.0,1.0
161,70,32,8,"(70, 32, 8)",r:70_c:32_sp:8,p_inst:0,1.0,1.0
162,41,36,8,"(41, 36, 8)",r:41_c:36_sp:8,p_inst:0,1.0,1.0
163,84,42,8,"(84, 42, 8)",r:84_c:42_sp:8,p_inst:0,1.0,1.0
164,76,61,8,"(76, 61, 8)",r:76_c:61_sp:8,p_inst:0,1.0,1.0
165,72,45,8,"(72, 45, 8)",r:72_c:45_sp:8,p_inst:0,1.0,1.0
166,37,35,8,"(37, 35, 8)",r:37_c:35_sp:8,p_inst:0,1.0,1.0
167,34,60,8,"(34, 60, 8)",r:34_c:60_sp:8,p_inst:0,1.0,1.0
168,66,39,8,"(66, 39, 8)",r:66_c:39_sp:8,p_inst:0,1.0,1.0
169,58,52,8,"(58, 52, 8)",r:58_c:52_sp:8,p_inst:0,1.0,1.0
170,54,31,8,"(54, 31, 8)",r:54_c:31_sp:8,p_inst:0,1.0,1.0
171,34,54,8,"(34, 54, 8)",r:34_c:54_sp:8,p_inst:0,1.0,1.0
172,55,37,8,"(55, 37, 8)",r:55_c:37_sp:8,p_inst:0,1.0,1.0
173,77,52,8,"(77, 52, 8)",r:77_c:52_sp:8,p_inst:0,1.0,1.0
174,35,37,8,"(35, 37, 8)",r:35_c:37_sp:8,p_inst:0,1.0,1.0
175,71,31,8,"(71, 31, 8)",r:71_c:31_sp:8,p_inst:0,1.0,1.0
176,73,59,8,"(73, 59, 8)",r:73_c:59_sp:8,p_inst:0,1.0,1.0
177,54,41,8,"(54, 41, 8)",r:54_c:41_sp:8,p_inst:0,1.0,1.0
178,68,55,8,"(68, 55, 8)",r:68_c:55_sp:8,p_inst:0,1.0,1.0
179,59,40,8,"(59, 40, 8)",r:59_c:40_sp:8,p_inst:0,1.0,1.0
180,72,58,9,"(72, 58, 9)",r:72_c:58_sp:9,p_inst:0,1.0,1.0
181,70,32,9,"(70, 32, 9)",r:70_c:32_sp:9,p_inst:0,1.0,1.0
182,41,36,9,"(41, 36, 9)",r:41_c:36_sp:9,p_inst:0,1.0,1.0
183,84,42,9,"(84, 42, 9)",r:84_c:42_sp:9,p_inst:0,1.0,1.0
184,76,61,9,"(76, 61, 9)",r:76_c:61_sp:9,p_inst:0,1.0,1.0
185,72,45,9,"(72, 45, 9)",r:72_c:45_sp:9,p_inst:0,1.0,1.0
186,37,35,9,"(37, 35, 9)",r:37_c:35_sp:9,p_inst:0,1.0,1.0
187,34,60,9,"(34, 60, 9)",r:34_c:60_sp:9,p_inst:0,1.0,1.0
188,66,39,9,"(66, 39, 9)",r:66_c:39_sp:9,p_inst:0,1.0,1.0
189,58,52,9,"(58, 52, 9)",r:58_c:52_sp:9,p_inst:0,1.0,1.0
190,54,31,9,"(54, 31, 9)",r:54_c:31_sp:9,p_inst:0,1.0,1.0
191,34,54,9,"(34, 54, 9)",r:34_c:54_sp:9,p_inst:0,1.0,1.0
192,55,37,9,"(55, 37, 9)",r:55_c:37_sp:9,p_inst:0,1.0,1.0
193,77,52,9,"(77, 52, 9)",r:77_c:52_sp:9,p_inst:0,1.0,1.0
194,35,37,9,"(35, 37, 9)",r:35_c:37_sp:9,p_inst:0,1.0,1.0
195,71,31,9,"(71, 31, 9)",r:71_c:31_sp:9,p_inst:0,1.0,1.0
196,73,59,9,"(73, 59, 9)",r:73_c:59_sp:9,p_inst:0,1.0,1.0
197,54,41,9,"(54, 41, 9)",r:54_c:41_sp:9,p_inst:0,1.0,1.0
198,68,55,9,"(68, 55, 9)",r:68_c:55_sp:9,p_inst:0,1.0,1.0
199,59,40,9,"(59, 40, 9)",r:59_c:40_sp:9,p_inst:0,1.0,1.0
200,72,58,10,"(72, 58, 10)",r:72_c:58_sp:10,p_inst:0,1.0,1.0
201,70,32,10,"(70, 32, 10)",r:70_c:32_sp:10,p_inst:0,1.0,1.0
202,41,36,10,"(41, 36, 10)",r:41_c:36_sp:10,p_inst:0,1.0,1.0
203,84,42,10,"(84, 42, 10)",r:84_c:42_sp:10,p_inst:0,1.0,1.0
204,76,61,10,"(76, 61, 10)",r:76_c:61_sp:10,p_inst:0,1.0,1.0
205,72,45,10,"(72, 45, 10)",r:72_c:45_sp:10,p_inst:0,1.0,1.0
206,37,35,10,"(37, 35, 10)",r:37_c:35_sp:10,p_inst:0,1.0,1.0
207,34,60,10,"(34, 60, 10)",r:34_c:60_sp:10,p_inst:0,1.0,1.0
208,66,39,10,"(66, 39, 10)",r:66_c:39_sp:10,p_inst:0,1.0,1.0
209,58,52,10,"(58, 52, 10)",r:58_c:52_sp:10,p_inst:0,1.0,1.0
210,54,31,10,"(54, 31, 10)",r:54_c:31_sp:10,p_inst:0,1.0,1.0
211,34,54,10,"(34, 54, 10)",r:34_c:54_sp:10,p_inst:0,1.0,1.0
212,55,37,10,"(55, 37, 10)",r:55_c:37_sp:10,p_inst:0,1.0,1.0
213,77,52,10,"(77, 52, 10)",r:77_c:52_sp:10,p_inst:0,1.0,1.0
214,35,37,10,"(35, 37, 10)",r:35_c:37_sp:10,p_inst:0,1.0,1.0
215,71,31,10,"(71, 31, 10)",r:71_c:31_sp:10,p_inst:0,1.0,1.0
216,73,59,10,"(73, 59, 10)",r:73_c:59_sp:10,p_inst:0,1.0,1.0
217,54,41,10,"(54, 41, 10)",r:54_c:41_sp:10,p_inst:0,1.0,1.0
218,68,55,10,"(68, 55, 10)",r:68_c:55_sp:10,p_inst:0,1.0,1.0
219,59,40,10,"(59, 40, 10)",r:59_c:40_sp:10,p_inst:0,1.0,1.0
220,72,58,11,"(72, 58, 11)",r:72_c:58_sp:11,p_inst:0,1.0,1.0
221,70,32,11,"(70, 32, 11)",r:70_c:32_sp:11,p_inst:0,1.0,1.0
222,41,36,11,"(41, 36, 11)",r:41_c:36_sp:11,p_inst:0,1.0,1.0
223,84,42,11,"(84, 42, 11)",r:84_c:42_sp:11,p_inst:0,1.0,1.0
224,76,61,11,"(76, 61, 11)",r:76_c:61_sp:11,p_inst:0,1.0,1.0
225,72,45,11,"(72, 45, 11)",r:72_c:45_sp:11,p_inst:0,1.0,1.0
226,37,35,11,"(37, 35, 11)",r:37_c:35_sp:11,p_inst:0,1.0,1.0
227,34,60,11,"(34, 60, 11)",r:34_c:60_sp:11,p_inst:0,1.0,1.0
228,66,39,11,"(66, 39, 11)",r:66_c:39_sp:11,p_inst:0,1.0,1.0
229,58,52,11,"(58, 52, 11)",r:58_c:52_sp:11,p_inst:0,1.0,1.0
230,54,31,11,"(54, 31, 11)",r:54_c:31_sp:11,p_inst:0,1.0,1.0
231,34,54,11,"(34, 54, 11)",r:34_c:54_sp:11,p_inst:0,1.0,1.0
232,55,37,11,"(55, 37, 11)",r:55_c:37_sp:11,p_inst:0,1.0,1.0
233,77,52,11,"(77, 52, 11)",r:77_c:52_sp:11,p_inst:0,1.0,1.0
234,35,37,11,"(35, 37, 11)",r:35_c:37_sp:11,p_inst:0,1.0,1.0
235,71,31,11,"(71, 31, 11)",r:71_c:31_sp:11,p_inst:0,1.0,1.0
236,73,59,11,"(73, 59, 11)",r:73_c:59_sp:11,p_inst:0,1.0,1.0
237,54,41,11,"(54, 41, 11)",r:54_c:41_sp:11,p_inst:0,1.0,1.0
238,68,55,11,"(68, 55, 11)",r:68_c:55_sp:11,p_inst:0,1.0,1.0
239,59,40,11,"(59, 40, 11)",r:59_c:40_sp:11,p_inst:0,1.0,1.0
240,72,58,12,"(72, 58, 12)",r:72_c:58_sp:12,p_inst:0,1.0,1.0
241,70,32,12,"(70, 32, 12)",r:70_c:32_sp:12,p_inst:0,1.0,1.0
242,41,36,12,"(41, 36, 12)",r:41_c:36_sp:12,p_inst:0,1.0,1.0
243,84,42,12,"(84, 42, 12)",r:84_c:42_sp:12,p_inst:0,1.0,1.0
244,76,61,12,"(76, 61, 12)",r:76_c:61_sp:12,p_inst:0,1.0,1.0
245,72,45,12,"(72, 45, 12)",r:72_c:45_sp:12,p_inst:0,1.0,1.0
246,37,35,12,"(37, 35, 12)",r:37_c:35_sp:12,p_inst:0,1.0,1.0
247,34,60,12,"(34, 60, 12)",r:34_c:60_sp:12,p_inst:0,1.0,1.0
248,66,39,12,"(66, 39, 12)",r:66_c:39_sp:12,p_inst:0,1.0,1.0
249,58,52,12,"(58, 52, 12)",r:58_c:52_sp:12,p_inst:0,1.0,1.0
250,54,31,12,"(54, 31, 12)",r:54_c:31_sp:12,p_inst:0,1.0,1.0
251,34,54,12,"(34, 54, 12)",r:34_c:54_sp:12,p_inst:0,1.0,1.0
252,55,37,12,"(55, 37, 12)",r:55_c:37_sp:12,p_inst:0,1.0,1.0
253,77,52,12,"(77, 52, 12)",r:77_c:52_sp:12,p_inst:0,1.0,1.0
254,35,37,12,"(35, 37, 12)",r:35_c:37_sp:12,p_inst:0,1.0,1.0
255,71,31,12,"(71, 31, 12)",r:71_c:31_sp:12,p_inst:0,1.0,1.0
256,73,59,12,"(73, 59, 12)",r:73_c:59_sp:12,p_inst:0,1.0,1.0
257,54,41,12,"(54, 41, 12)",r:54_c:41_sp:12,p_inst:0,1.0,1.0
258,68,55,12,"(68, 55, 12)",r:68_c:55_sp:12,p_inst:0,1.0,1.0
259,59,40,12,"(59, 40, 12)",r:59_c:40_sp:12,p_inst:0,1.0,1.0
260,72,58,13,"(72, 58, 13)",r:72_c:58_sp:13,p_inst:0,1.0,1.0
261,70,32,13,"(70, 32, 13)",r:70_c:32_sp:13,p_inst:0,1.0,1.0
262,41,36,13,"(41, 36, 13)",r:41_c:36_sp:13,p_inst:0,1.0,1.0
263,84,42,13,"(84, 42, 13)",r:84_c:42_sp:13,p_inst:0,1.0,1.0
264,76,61,13,"(76, 61, 13)",r:76_c:61_sp:13,p_inst:0,1.0,1.0
265,72,45,13,"(72, 45, 13)",r:72_c:45_sp:13,p_inst:0,1.0,1.0
266,37,35,13,"(37, 35, 13)",r:37_c:35_sp:13,p_inst:0,1.0,1.0
267,34,60,13,"(34, 60, 13)",r:34_c:60_sp:13,p_inst:0,1.0,1.0
268,66,39,13,"(66, 39, 13)",r:66_c:39_sp:13,p_inst:0,1.0,1.0
269,58,52,13,"(58, 52, 13)",r:58_c:52_sp:13,p_inst:0,1.0,1.0
270,54,31,13,"(54, 31, 13)",r:54_c:31_sp:13,p_inst:0,1.0,1.0
271,34,54,13,"(34, 54, 13)",r:34_c:54_sp:13,p_inst:0,1.0,1.0
272,55,37,13,"(55, 37, 13)",r:55_c:37_sp:13,p_inst:0,1.0,1.0
273,77,52,13,"(77, 52, 13)",r:77_c:52_sp:13,p_inst:0,1.0,1.0
274,35,37,13,"(35, 37, 13)",r:35_c:37_sp:13,p_inst:0,1.0,1.0
275,71,31,13,"(71, 31, 13)",r:71_c:31_sp:13,p_inst:0,1.0,1.0
276,73,59,13,"(73, 59, 13)",r:73_c:59_sp:13,p_inst:0,1.0,1.0
277,54,41,13,"(54, 41, 13)",r:54_c:41_sp:13,p_inst:0,1.0,1.0
278,68,55,13,"(68, 55, 13)",r:68_c:55_sp:13,p_inst:0,1.0,1.0
279,59,40,13,"(59, 40, 13)",r:59_c:40_sp:13,p_inst:0,1.0,1.0
280,72,58,14,"(72, 58, 14)",r:72_c:58_sp:14,p_inst:0,1.0,1.0
281,70,32,14,"(70, 32, 14)",r:70_c:32_sp:14,p_inst:0,1.0,1.0
282,41,36,14,"(41, 36, 14)",r:41_c:36_sp:14,p_inst:0,1.0,1.0
283,84,42,14,"(84, 42, 14)",r:84_c:42_sp:14,p_inst:0,1.0,1.0
284,76,61,14,"(76, 61, 14)",r:76_c:61_sp:14,p_inst:0,1.0,1.0
285,72,45,14,"(72, 45, 14)",r:72_c:45_sp:14,p_inst:0,1.0,1.0
286,37,35,14,"(37, 35, 14)",r:37_c:35_sp:14,p_inst:0,1.0,1.0
287,34,60,14,"(34, 60, 14)",r:34_c:60_sp:14,p_inst:0,1.0,1.0
288,66,39,14,"(66, 39, 14)",r:66_c:39_sp:14,p_inst:0,1.0,1.0
289,58,52,14,"(58, 52, 14)",r:58_c:52_sp:14,p_inst:0,1.0,1.0
290,54,31,14,"(54, 31, 14)",r:54_c:31_sp:14,p_inst:0,1.0,1.0
291,34,54,14,"(34, 54, 14)",r:34_c:54_sp:14,p_inst:0,1.0,1.0
292,55,37,14,"(55, 37, 14)",r:55_c:37_sp:14,p_inst:0,1.0,1.0
293,77,52,14,"(77, 52, 14)",r:77_c:52_sp:14,p_inst:0,1.0,1.0
294,35,37,14,"(35, 37, 14)",r:35_c:37_sp:14,p_inst:0,1.0,1.0
295,71,31,14,"(71, 31, 14)",r:71_c:31_sp:14,p_inst:0,1.0,1.0
296,73,59,14,"(73, 59, 14)",r:73_c:59_sp:14,p_inst:0,1.0,1.0
297,54,41,14,"(54, 41, 14)",r:54_c:41_sp:14,p_inst:0,1.0,1.0
298,68,55,14,"(68, 55, 14)",r:68_c:55_sp:14,p_inst:0,1.0,1.0
299,59,40,14,"(59, 40, 14)",r:59_c:40_sp:14,p_inst:0,1.0,1.0
300,72,58,15,"(72, 58, 15)",r:72_c:58_sp:15,p_inst:0,1.0,1.0
301,70,32,15,"(70, 32, 15)",r:70_c:32_sp:15,p_inst:0,1.0,1.0
302,41,36,15,"(41, 36, 15)",r:41_c:36_sp:15,p_inst:0,1.0,1.0
303,84,42,15,"(84, 42, 15)",r:84_c:42_sp:15,p_inst:0,1.0,1.0
304,76,61,15,"(76, 61, 15)",r:76_c:61_sp:15,p_inst:0,1.0,1.0
305,72,45,15,"(72, 45, 15)",r:72_c:45_sp:15,p_inst:0,1.0,1.0
306,37,35,15,"(37, 35, 15)",r:37_c:35_sp:15,p_inst:0,1.0,1.0
307,34,60,15,"(34, 60, 15)",r:34_c:60_sp:15,p_inst:0,1.0,1.0
308,66,39,15,"(66, 39, 15)",r:66_c:39_sp:15,p_inst:0,1.0,1.0
309,58,52,15,"(58, 52, 15)",r:58_c:52_sp:15,p_inst:0,1.0,1.0
310,54,31,15,"(54, 31, 15)",r:54_c:31_sp:15,p_inst:0,1.0,1.0
311,34,54,15,"(34, 54, 15)",r:34_c:54_sp:15,p_inst:0,1.0,1.0
312,55,37,15,"(55, 37, 15)",r:55_c:37_sp:15,p_inst:0,1.0,1.0
313,77,52,15,"(77, 52, 15)",r:77_c:52_sp:15,p_inst:0,1.0,1.0
314,35,37,15,"(35, 37, 15)",r:35_c:37_sp:15,p_inst:0,1.0,1.0
315,71,31,15,"(71, 31, 15)",r:71_c:31_sp:15,p_inst:0,1.0,1.0
316,73,59,15,"(73, 59, 15)",r:73_c:59_sp:15,p_inst:0,1.0,1.0
317,54,41,15,"(54, 41, 15)",r:54_c:41_sp:15,p_inst:0,1.0,1.0
318,68,55,15,"(68, 55, 15)",r:68_c:55_sp:15,p_inst:0,1.0,1.0
319,59,40,15,"(59, 40, 15)",r:59_c:40_sp:15,p_inst:0,1.0,1.0
320,72,58,16,"(72, 58, 16)",r:72_c:58_sp:16,p_inst:0,1.0,1.0
321,70,32,16,"(70, 32, 16)",r:70_c:32_sp:16,p_inst:0,1.0,1.0
322,41,36,16,"(41, 36, 16)",r:41_c:36_sp:16,p_inst:0,1.0,1.0
323,84,42,16,"(84, 42, 16)",r:84_c:42_sp:16,p_inst:0,1.0,1.0
324,76,61,16,"(76, 61, 16)",r:76_c:61_sp:16,p_inst:0,1.0,1.0
325,72,45,16,"(72, 45, 16)",r:72_c:45_sp:16,p_inst:0,1.0,1.0
326,37,35,16,"(37, 35, 16)",r:37_c:35_sp:16,p_inst:0,1.0,1.0
327,34,60,16,"(34, 60, 16)",r:34_c:60_sp:16,p_inst:0,1.0,1.0
328,66,39,16,"(66, 39, 16)",r:66_c:39_sp:16,p_inst:0,1.0,1.0
329,58,52,16,"(58, 52, 16)",r:58_c:52_sp:16,p_inst:0,1.0,1.0
330,54,31,16,"(54, 31, 16)",r:54_c:31_sp:16,p_inst:0,1.0,1.0
331,34,54,16,"(34, 54, 16)",r:34_c:54_sp:16,p_inst:0,1.0,1.0
332,55,37,16,"(55, 37, 16)",r:55_c:37_sp:16,p_inst:0,1.0,1.0
333,77,52,16,"(77, 52, 16)",r:77_c:52_sp:16,p_inst:0,1.0,1.0
334,35,37,16,"(35, 37, 16)",r:35_c:37_sp:16,p_inst:0,1.0,1.0
335,71,31,16,"(71, 31, 16)",r:71_c:31_sp:16,p_inst:0,1.0,1.0
336,73,59,16,"(73, 59, 16)",r:73_c:59_sp:16,p_inst:0,1.0,1.0
337,54,41,16,"(54, 41, 16)",r:54_c:41_sp:16,p_inst:0,1.0,1.0
338,68,55,16,"(68, 55, 16)",r:68_c:55_sp:16,p_inst:0,1.0,1.0
339,59,40,16,"(59, 40, 16)",r:59_c:40_sp:16,p_inst:0,1.0,1.0
340,72,58,17,"(72, 58, 17)",r:72_c:58_sp:17,p_inst:0,1.0,1.0
341,70,32,17,"(70, 32, 17)",r:70_c:32_sp:17,p_inst:0,1.0,1.0
342,41,36,17,"(41, 36, 17)",r:41_c:36_sp:17,p_inst:0,1.0,1.0
343,84,42,17,"(84, 42, 17)",r:84_c:42_sp:17,p_inst:0,1.0,1.0
344,76,61,17,"(76, 61, 17)",r:76_c:61_sp:17,p_inst:0,1.0,1.0
345,72,45,17,"(72, 45, 17)",r:72_c:45_sp:17,p_inst:0,1.0,1.0
346,37,35,17,"(37, 35, 17)",r:37_c:35_sp:17,p_inst:0,1.0,1.0
347,34,60,17,"(34, 60, 17)",r:34_c:60_sp:17,p_inst:0,1.0,1.0
348,66,39,17,"(66, 39, 17)",r:66_c:39_sp:17,p_inst:0,1.0,1.0
349,58,52,17,"(58, 52, 17)",r:58_c:52_sp:17,p_inst:0,1.0,1.0
350,54,31,17,"(54, 31, 17)",r:54_c:31_sp:17,p_inst:0,1.0,1.0
351,34,54,17,"(34, 54, 17)",r:34_c:54_sp:17,p_inst:0,1.0,1.0
352,55,37,17,"(55, 37, 17)",r:55_c:37_sp:17,p_inst:0,1.0,1.0
353,77,52,17,"(77, 52, 17)",r:77_c:52_sp:17,p_inst:0,1.0,1.0
354,35,37,17,"(35, 37, 17)",r:35_c:37_sp:17,p_inst:0,1.0,1.0
355,71,31,17,"(71, 31, 17)",r:71_c:31_sp:17,p_inst:0,1.0,1.0
356,73,59,17,"(73, 59, 17)",r:73_c:59_sp:17,p_inst:0,1.0,1.0
357,54,41,17,"(54, 41, 17)",r:54_c:41_sp:17,p_inst:0,1.0,1.0
358,68,55,17,"(68, 55, 17)",r:68_c:55_sp:17,p_inst:0,1.0,1.0
359,59,40,17,"(59, 40, 17)",r:59_c:40_sp:17,p_inst:0,1.0,1.0
360,72,58,18,"(72, 58, 18)",r:72_c:58_sp:18,p_inst:0,1.0,1.0
361,70,32,18,"(70, 32, 18)",r:70_c:32_sp:18,p_inst:0,1.0,1.0
362,41,36,18,"(41, 36, 18)",r:41_c:36_sp:18,p_inst:0,1.0,1.0
363,84,42,18,"(84, 42, 18)",r:84_c:42_sp:18,p_inst:0,1.0,1.0
364,76,61,18,"(76, 61, 18)",r:76_c:61_sp:18,p_inst:0,1.0,1.0
365,72,45,18,"(72, 45, 18)",r:72_c:45_sp:18,p_inst:0,1.0,1.0
366,37,35,18,"(37, 35, 18)",r:37_c:35_sp:18,p_inst:0,1.0,1.0
367,34,60,18,"(34, 60, 18)",r:34_c:60_sp:18,p_inst:0,1.0,1.0
368,66,39,18,"(66, 39, 18)",r:66_c:39_sp:18,p_inst:0,1.0,1.0
369,58,52,18,"(58, 52, 18)",r:58_c:52_sp:18,p_inst:0,1.0,1.0
370,54,31,18,"(54, 31, 18)",r:54_c:31_sp:18,p_inst:0,1.0,1.0
371,34,54,18,"(34, 54, 18)",r:34_c:54_sp:18,p_inst:0,1.0,1.0
372,55,37,18,"(55, 37, 18)",r:55_c:37_sp:18,p_inst:0,1.0,1.0
373,77,52,18,"(77, 52, 18)",r:77_c:52_sp:18,p_inst:0,1.0,1.0
374,35,37,18,"(35, 37, 18)",r:35_c:37_sp:18,p_inst:0,1.0,1.0
375,71,31,18,"(71, 31, 18)",r:71_c:31_sp:18,p_inst:0,1.0,1.0
376,73,59,18,"(73, 59, 18)",r:73_c:59_sp:18,p_inst:0,1.0,1.0
377,54,41,18,"(54, 41, 18)",r:54_c:41_sp:18,p_inst:0,1.0,1.0
378,68,55,18,"(68, 55, 18)",r:68_c:55_sp:18,p_inst:0,1.0,1.0
379,59,40,18,"(59, 40, 18)",r:59_c:40_sp:18,p_inst:0,1.0,1.0
380,72,58,19,"(72, 58, 19)",r:72_c:58_sp:19,p_inst:0,1.0,1.0
381,70,32,19,"(70, 32, 19)",r:70_c:32_sp:19,p_inst:0,1.0,1.0
382,41,36,19,"(41, 36, 19)",r:41_c:36_sp:19,p_inst:0,1.0,1.0
383,84,42,19,"(84, 42, 19)",r:84_c:42_sp:19,p_inst:0,1.0,1.0
384,76,61,19,"(76, 61, 19)",r:76_c:61_sp:19,p_inst:0,1.0,1.0
385,72,45,19,"(72, 45, 19)",r:72_c:45_sp:19,p_inst:0,1.0,1.0
386,37,35,19,"(37, 35, 19)",r:37_c:35_sp:19,p_inst:0,1.0,1.0
387,34,60,19,"(34, 60, 19)",r:34_c:60_sp:19,p_inst:0,1.0,1.0
388,66,39,19,"(66, 39, 19)",r:66_c:39_sp:19,p_inst:0,1.0,1.0
389,58,52,19,"(58, 52, 19)",r:58_c:52_sp:19,p_inst:0,1.0,1.0
390,54,31,19,"(54, 31, 19)",r:54_c:31_sp:19,p_inst:0,1.0,1.0
391,34,54,19,"(34, 54, 19)",r:34_c:54_sp:19,p_inst:0,1.0,1.0
392,55,37,19,"(55, 37, 19)",r:55_c:37_sp:19,p_inst:0,1.0,1.0
393,77,52,19,"(77, 52, 19)",r:77_c:52_sp:19,p_inst:0,1.0,1.0
394,35,37,19,"(35, 37, 19)",r:35_c:37_sp:19,p_inst:0,1.0,1.0
395,71,31,19,"(71, 31, 19)",r:71_c:31_sp:19,p_inst:0,1.0,1.0
396,73,59,19,"(73, 59, 19)",r:73_c:59_sp:19,p_inst:0,1.0,1.0
397,54,41,19,"(54, 41, 19)",r:54_c:41_sp:19,p_inst:0,1.0,1.0
398,68,55,19,"(68, 55, 19)",r:68_c:55_sp:19,p_inst:0,1.0,1.0
399,59,40,19,"(59, 40, 19)",r:59_c:40_sp:19,p_inst:0,1.0,1.0
400,72,58,20,"(72, 58, 20)",r:72_c:58_sp:20,p_inst:0,1.0,1.0
401,70,32,20,"(70, 32, 20)",r:70_c:32_sp:20,p_inst:0,1.0,1.0
402,41,36,20,"(41, 36, 20)",r:41_c:36_sp:20,p_inst:0,1.0,1.0
403,84,42,20,"(84, 42, 20)",r:84_c:42_sp:20,p_inst:0,1.0,1.0
404,76,61,20,"(76, 61, 20)",r:76_c:61_sp:20,p_inst:0,1.0,1.0
405,72,45,20,"(72, 45, 20)",r:72_c:45_sp:20,p_inst:0,1.0,1.0
406,37,35,20,"(37, 35, 20)",r:37_c:35_sp:20,p_inst:0,1.0,1.0
407,34,60,20,"(34, 60, 20)",r:34_c:60_sp:20,p_inst:0,1.0,1.0
408,66,39,20,"(66, 39, 20)",r:66_c:39_sp:20,p_inst:0,1.0,1.0
409,58,52,20,"(58, 52, 20)",r:58_c:52_sp:20,p_inst:0,1.0,1.0
410,54,31,20,"(54, 31, 20)",r:54_c:31_sp:20,p_inst:0,1.0,1.0
411,34,54,20,"(34, 54, 20)",r:34_c:54_sp:20,p_inst:0,1.0,1.0
412,55,37,20,"(55, 37, 20)",r:55_c:37_sp:20,p_inst:0,1.0,1.0
413,77,52,20,"(77, 52, 20)",r:77_c:52_sp:20,p_inst:0,1.0,1.0
414,35,37,20,"(35, 37, 20)",r:35_c:37_sp:20,p_inst:0,1.0,1.0
415,71,31,20,"(71, 31, 20)",r:71_c:31_sp:20,p_inst:0,1.0,1.0
416,73,59,20,"(73, 59, 20)",r:73_c:59_sp:20,p_inst:0,1.0,1.0
417,54,41,20,"(54, 41, 20)",r:54_c:41_sp:20,p_inst:0,1.0,1.0
418,68,55,20,"(68, 55, 20)",r:68_c:55_sp:20,p_inst:0,1.0,1.0
419,59,40,20,"(59, 40, 20)",r:59_c:40_sp:20,p_inst:0,1.0,1.0
420,72,58,21,"(72, 58, 21)",r:72_c:58_sp:21,p_inst:0,1.0,1.0
421,70,32,21,"(70, 32, 21)",r:70_c:32_sp:21,p_inst:0,1.0,1.0
422,41,36,21,"(41, 36, 21)",r:41_c:36_sp:21,p_inst:0,1.0,1.0
423,84,42,21,"(84, 42, 21)",r:84_c:42_sp:21,p_inst:0,1.0,1.0
424,76,61,21,"(76, 61, 21)",r:76_c:61_sp:21,p_inst:0,1.0,1.0
425,72,45,21,"(72, 45, 21)",r:72_c:45_sp:21,p_inst:0,1.0,1.0
426,37,35,21,"(37, 35, 21)",r:37_c:35_sp:21,p_inst:0,1.0,1.0
427,34,60,21,"(34, 60, 21)",r:34_c:60_sp:21,p_inst:0,1.0,1.0
428,66,39,21,"(66, 39, 21)",r:66_c:39_sp:21,p_inst:0,1.0,1.0
429,58,52,21,"(58, 52, 21)",r:58_c:52_sp:21,p_inst:0,1.0,1.0
430,54,31,21,"(54, 31, 21)",r:54_c:31_sp:21,p_inst:0,1.0,1.0
431,34,54,21,"(34, 54, 21)",r:34_c:54_sp:21,p_inst:0,1.0,1.0
432,55,37,21,"(55, 37, 21)",r:55_c:37_sp:21,p_inst:0,1.0,1.0
433,77,52,21,"(77, 52, 21)",r:77_c:52_sp:21,p_inst:0,1.0,1.0
434,35,37,21,"(35, 37, 21)",r:35_c:37_sp:21,p_inst:0,1.0,1.0
435,71,31,21,"(71, 31, 21)",r:71_c:31_sp:21,p_inst:0,1.0,1.0
436,73,59,21,"(73, 59, 21)",r:73_c:59_sp:21,p_inst:0,1.0,1.0
437,54,41,21,"(54, 41, 21)",r:54_c:41_sp:21,p_inst:0,1.0,1.0
438,68,55,21,"(68, 55, 21)",r:68_c:55_sp:21,p_inst:0,1.0,1.0
439,59,40,21,"(59, 40, 21)",r:59_c:40_sp:21,p_inst:0,1.0,1.0
440,72,58,22,"(72, 58, 22)",r:72_c:58_sp:22,p_inst:0,1.0,1.0
441,70,32,22,"(70, 32, 22)",r:70_c:32_sp:22,p_inst:0,1.0,1.0
442,41,36,22,"(41, 36, 22)",r:41_c:36_sp:22,p_inst:0,1.0,1.0
443,84,42,22,"(84, 42, 22)",r:84_c:42_sp:22,p_inst:0,1.0,1.0
444,76,61,22,"(76, 61, 22)",r:76_c:61_sp:22,p_inst:0,1.0,1.0
445,72,45,22,"(72, 45, 22)",r:72_c:45_sp:22,p_inst:0,1.0,1.0
446,37,35,22,"(37, 35, 22)",r:37_c:35_sp:22,p_inst:0,1.0,1.0
447,34,60,22,"(34, 60, 22)",r:34_c:60_sp:22,p_inst:0,1.0,1.0
448,66,39,22,"(66, 39, 22)",r:66_c:39_sp:22,p_inst:0,1.0,1.0
449,58,52,22,"(58, 52, 22)",r:58_c:52_sp:22,p_inst:0,1.0,1.0
450,54,31,22,"(54, 31, 22)",r:54_c:31_sp:22,p_inst:0,1.0,1.0
451,34,54,22,"(34, 54, 22)",r:34_c:54_sp:22,p_inst:0,1.0,1.0
452,55,37,22,"(55, 37, 22)",r:55_c:37_sp:22,p_inst:0,1.0,1.0
453,77,52,22,"(77, 52, 22)",r:77_c:52_sp:22,p_inst:0,1.0,1.0
454,35,37,22,"(35, 37, 22)",r:35_c:37_sp:22,p_inst:0,1.0,1.0
455,71,31,22,"(71, 31, 22)",r:71_c:31_sp:22,p_inst:0,1.0,1.0
456,73,59,22,"(73, 59, 22)",r:73_c:59_sp:22,p_inst:0,1.0,1.0
457,54,41,22,"(54, 41, 22)",r:54_c:41_sp:22,p_inst:0,1.0,1.0
458,68,55,22,"(68, 55, 22)",r:68_c:55_sp:22,p_inst:0,1.0,1.0
459,59,40,22,"(59, 40, 22)",r:59_c:40_sp:22,p_inst:0,1.0,1.0
460,72,58,23,"(72, 58, 23)",r:72_c:58_sp:23,p_inst:0,1.0,1.0
461,70,32,23,"(70, 32, 23)",r:70_c:32_sp:23,p_inst:0,1.0,1.0
462,41,36,23,"(41, 36, 23)",r:41_c:36_sp:23,p_inst:0,1.0,1.0
463,84,42,23,"(84, 42, 23)",r:84_c:42_sp:23,p_inst:0,1.0,1.0
464,76,61,23,"(76, 61, 23)",r:76_c:61_sp:23,p_inst:0,1.0,1.0
465,72,45,23,"(72, 45, 23)",r:72_c:45_sp:23,p_inst:0,1.0,1.0
466,37,35,23,"(37, 35, 23)",r:37_c:35_sp:23,p_inst:0,1.0,1.0
467,34,60,23,"(34, 60, 23)",r:34_c:60_sp:23,p_inst:0,1.0,1.0
468,66,39,23,"(66, 39, 23)",r:66_c:39_sp:23,p_inst:0,1.0,1.0
469,58,52,23,"(58, 52, 23)",r:58_c:52_sp:23,p_inst:0,1.0,1.0
470,54,31,23,"(54, 31, 23)",r:54_c:31_sp:23,p_inst:0,1.0,1.0
471,34,54,23,"(34, 54, 23)",r:34_c:54_sp:23,p_inst:0,1.0,1.0
472,55,37,23,"(55, 37, 23)",r:55_c:37_sp:23,p_inst:0,1.0,1.0
473,77,52,23,"(77, 52, 23)",r:77_c:52_sp:23,p_inst:0,1.0,1.0
474,35,37,23,"(35, 37, 23)",r:35_c:37_sp:23,p_inst:0,1.0,1.0
475,71,31,23,"(71, 31, 23)",r:71_c:31_sp:23,p_inst:0,1.0,1.0
476,73,59,23,"(73, 59, 23)",r:73_c:59_sp:23,p_inst:0,1.0,1.0
477,54,41,23,"(54, 41, 23)",r:54_c:41_sp:23,p_inst:0,1.0,1.0
478,68,55,23,"(68, 55, 23)",r:68_c:55_sp:23,p_inst:0,1.0,1.0
479,59,40,23,"(59, 40, 23)",r:59_c:40_sp:23,p_inst:0,1.0,1.0
480,72,58,24,"(72, 58, 24)",r:72_c:58_sp:24,p_inst:0,1.0,1.0
481,70,32,24,"(70, 32, 24)",r:70_c:32_sp:24,p_inst:0,1.0,1.0
482,41,36,24,"(41, 36, 24)",r:41_c:36_sp:24,p_inst:0,1.0,1.0
483,84,42,24,"(84, 42, 24)",r:84_c:42_sp:24,p_inst:0,1.0,1.0
484,76,61,24,"(76, 61, 24)",r:76_c:61_sp:24,p_inst:0,1.0,1.0
485,72,45,24,"(72, 45, 24)",r:72_c:45_sp:24,p_inst:0,1.0,1.0
486,37,35,24,"(37, 35, 24)",r:37_c:35_sp:24,p_inst:0,1.0,1.0
487,34,60,24,"(34, 60, 24)",r:34_c:60_sp:24,p_inst:0,1.0,1.0
488,66,39,24,"(66, 39, 24)",r:66_c:39_sp:24,p_inst:0,1.0,1.0
489,58,52,24,"(58, 52, 24)",r:58_c:52_sp:24,p_inst:0,1.0,1.0
490,54,31,24,"(54, 31, 24)",r:54_c:31_sp:24,p_inst:0,1.0,1.0
491,34,54,24,"(34, 54, 24)",r:34_c:54_sp:24,p_inst:0,1.0,1.0
492,55,37,24,"(55, 37, 24)",r:55_c:37_sp:24,p_inst:0,1.0,1.0
493,77,52,24,"(77, 52, 24)",r:77_c:52_sp:24,p_inst:0,1.0,1.0
494,35,37,24,"(35, 37, 24)",r:35_c:37_sp:24,p_inst:0,1.0,1.0
495,71,31,24,"(71, 31, 24)",r:71_c:31_sp:24,p_inst:0,1.0,1.0
496,73,59,24,"(73, 59, 24)",r:73_c:59_sp:24,p_inst:0,1.0,1.0
497,54,41,24,"(54, 41, 24)",r:54_c:41_sp:24,p_inst:0,1.0,1.0
498,68,55,24,"(68, 55, 24)",r:68_c:55_sp:24,p_inst:0,1.0,1.0
499,59,40,24,"(59, 40, 24)",r:59_c:40_sp:24,p_inst:0,1.0,1.0
500,72,58,25,"(72, 58, 25)",r:72_c:58_sp:25,p_inst:0,1.0,1.0
501,70,32,25,"(70, 32, 25)",r:70_c:32_sp:25,p_inst:0,1.0,1.0
502,41,36,25,"(41, 36, 25)",r:41_c:36_sp:25,p_inst:0,1.0,1.0
503,84,42,25,"(84, 42, 25)",r:84_c:42_sp:25,p_inst:0,1.0,1.0
504,76,61,25,"(76, 61, 25)",r:76_c:61_sp:25,p_inst:0,1.0,1.0
505,72,45,25,"(72, 45, 25)",r:72_c:45_sp:25,p_inst:0,1.0,1.0
506,37,35,25,"(37, 35, 25)",r:37_c:35_sp:25,p_inst:0,1.0,1.0
507,34,60,25,"(34, 60, 25)",r:34_c:60_sp:25,p_inst:0,1.0,1.0
508,66,39,25,"(66, 39, 25)",r:66_c:39_sp:25,p_inst:0,1.0,1.0
509,58,52,25,"(58, 52, 25)",r:58_c:52_sp:25,p_inst:0,1.0,1.0
510,54,31,25,"(54, 31, 25)",r:54_c:31_sp:25,p_inst:0,1.0,1.0
511,34,54,25,"(34, 54, 25)",r:34_c:54_sp:25,p_inst:0,1.0,1.0
512,55,37,25,"(55, 37, 25)",r:55_c:37_sp:25,p_inst:0,1.0,1.0
513,77,52,25,"(77, 52, 25)",r:77_c:52_sp:25,p_inst:0,1.0,1.0
514,35,37,25,"(35, 37, 25)",r:35_c:37_sp:25,p_inst:0,1.0,1.0
515,71,31,25,"(71, 31, 25)",r:71_c:31_sp:25,p_inst:0,1.0,1.0
516,73,59,25,"(73, 59, 25)",r:73_c:59_sp:25,p_inst:0,1.0,1.0
517,54,41,25,"(54, 41, 25)",r:54_c:41_sp:25,p_inst:0,1.0,1.0
518,68,55,25,"(68, 55, 25)",r:68_c:55_sp:25,p_inst:0,1.0,1.0
519,59,40,25,"(59, 40, 25)",r:59_c:40_sp:25,p_inst:0,1.0,1.0
520,72,58,26,"(72, 58, 26)",r:72_c:58_sp:26,p_inst:0,1.0,1.0
521,70,32,26,"(70, 32, 26)",r:70_c:32_sp:26,p_inst:0,1.0,1.0
522,41,36,26,"(41, 36, 26)",r:41_c:36_sp:26,p_inst:0,1.0,1.0
523,84,42,26,"(84, 42, 26)",r:84_c:42_sp:26,p_inst:0,1.0,1.0
524,76,61,26,"(76, 61, 26)",r:76_c:61_sp:26,p_inst:0,1.0,1.0
525,72,45,26,"(72, 45, 26)",r:72_c:45_sp:26,p_inst:0,1.0,1.0
526,37,35,26,"(37, 35, 26)",r:37_c:35_sp:26,p_inst:0,1.0,1.0
527,34,60,26,"(34, 60, 26)",r:34_c:60_sp:26,p_inst:0,1.0,1.0
528,66,39,26,"(66, 39, 26)",r:66_c:39_sp:26,p_inst:0,1.0,1.0
529,58,52,26,"(58, 52, 26)",r:58_c:52_sp:26,p_inst:0,1.0,1.0
530,54,31,26,"(54, 31, 26)",r:54_c:31_sp:26,p_inst:0,1.0,1.0
531,34,54,26,"(34, 54, 26)",r:34_c:54_sp:26,p_inst:0,1.0,1.0
532,55,37,26,"(55, 37, 26)",r:55_c:37_sp:26,p_inst:0,1.0,1.0
533,77,52,26,"(77, 52, 26)",r:77_c:52_sp:26,p_inst:0,1.0,1.0
534,35,37,26,"(35, 37, 26)",r:35_c:37_sp:26,p_inst:0,1.0,1.0
535,71,31,26,"(71, 31, 26)",r:71_c:31_sp:26,p_inst:0,1.0,1.0
536,73,59,26,"(73, 59, 26)",r:73_c:59_sp:26,p_inst:0,1.0,1.0
537,54,41,26,"(54, 41, 26)",r:54_c:41_sp:26,p_inst:0,1.0,1.0
538,68,55,26,"(68, 55, 26)",r:68_c:55_sp:26,p_inst:0,1.0,1.0
539,59,40,26,"(59, 40, 26)",r:59_c:40_sp:26,p_inst:0,1.0,1.0
540,72,58,27,"(72, 58, 27)",r:72_c:58_sp:27,p_inst:0,1.0,1.0
541,70,32,27,"(70, 32, 27)",r:70_c:32_sp:27,p_inst:0,1.0,1.0
542,41,36,27,"(41, 36, 27)",r:41_c:36_sp:27,p_inst:0,1.0,1.0
543,84,42,27,"(84, 42, 27)",r:84_c:42_sp:27,p_inst:0,1.0,1.0
544,76,61,27,"(76, 61, 27)",r:76_c:61_sp:27,p_inst:0,1.0,1.0
545,72,45,27,"(72, 45, 27)",r:72_c:45_sp:27,p_inst:0,1.0,1.0
546,37,35,27,"(37, 35, 27)",r:37_c:35_sp:27,p_inst:0,1.0,1.0
547,34,60,27,"(34, 60, 27)",r:34_c:60_sp:27,p_inst:0,1.0,1.0
548,66,39,27,"(66, 39, 27)",r:66_c:39_sp:27,p_inst:0,1.0,1.0
549,58,52,27,"(58, 52, 27)",r:58_c:52_sp:27,p_inst:0,1.0,1.0
550,54,31,27,"(54, 31, 27)",r:54_c:31_sp:27,p_inst:0,1.0,1.0
551,34,54,27,"(34, 54, 27)",r:34_c:54_sp:27,p_inst:0,1.0,1.0
552,55,37,27,"(55, 37, 27)",r:55_c:37_sp:27,p_inst:0,1.0,1.0
553,77,52,27,"(77, 52, 27)",r:77_c:52_sp:27,p_inst:0,1.0,1.0
554,35,37,27,"(35, 37, 27)",r:35_c:37_sp:27,p_inst:0,1.0,1.0
555,71,31,27,"(71, 31, 27)",r:71_c:31_sp:27,p_inst:0,1.0,1.0
556,73,59,27,"(73, 59, 27)",r:73_c:59_sp:27,p_inst:0,1.0,1.0
557,54,41,27,"(54, 41, 27)",r:54_c:41_sp:27,p_inst:0,1.0,1.0
558,68,55,27,"(68, 55, 27)",r:68_c:55_sp:27,p_inst:0,1.0,1.0
559,59,40,27,"(59, 40, 27)",r:59_c:40_sp:27,p_inst:0,1.0,1.0
560,72,58,28,"(72, 58, 28)",r:72_c:58_sp:28,p_inst:0,1.0,1.0
561,70,32,28,"(70, 32, 28)",r:70_c:32_sp:28,p_inst:0,1.0,1.0
562,41,36,28,"(41, 36, 28)",r:41_c:36_sp:28,p_inst:0,1.0,1.0
563,84,42,28,"(84, 42, 28)",r:84_c:42_sp:28,p_inst:0,1.0,1.0
564,76,61,28,"(76, 61, 28)",r:76_c:61_sp:28,p_inst:0,1.0,1.0
565,72,45,28,"(72, 45, 28)",r:72_c:45_sp:28,p_inst:0,1.0,1.0
566,37,35,28,"(37, 35, 28)",r:37_c:35_sp:28,p_inst:0,1.0,1.0
567,34,60,28,"(34, 60, 28)",r:34_c:60_sp:28,p_inst:0,1.0,1.0
568,66,39,28,"(66, 39, 28)",r:66_c:39_sp:28,p_inst:0,1.0,1.0
569,58,52,28,"(58, 52, 28)",r:58_c:52_sp:28,p_inst:0,1.0,1.0
570,54,31,28,"(54, 31, 28)",r:54_c:31_sp:28,p_inst:0,1.0,1.0
571,34,54,28,"(34, 54, 28)",r:34_c:54_sp:28,p_inst:0,1.0,1.0
572,55,37,28,"(55, 37, 28)",r:55_c:37_sp:28,p_inst:0,1.0,1.0
573,77,52,28,"(77, 52, 28)",r:77_c:52_sp:28,p_inst:0,1.0,1.0
574,35,37,28,"(35, 37, 28)",r:35_c:37_sp:28,p_inst:0,1.0,1.0
575,71,31,28,"(71, 31, 28)",r:71_c:31_sp:28,p_inst:0,1.0,1.0
576,73,59,28,"(73, 59, 28)",r:73_c:59_sp:28,p_inst:0,1.0,1.0
577,54,41,28,"(54, 41, 28)",r:54_c:41_sp:28,p_inst:0,1.0,1.0
578,68,55,28,"(68, 55, 28)",r:68_c:55_sp:28,p_inst:0,1.0,1.0
579,59,40,28,"(59, 40, 28)",r:59_c:40_sp:28,p_inst:0,1.0,1.0
580,72,58,29,"(72, 58, 29)",r:72_c:58_sp:29,p_inst:0,1.0,1.0
581,70,32,29,"(70, 32, 29)",r:70_c:32_sp:29,p_inst:0,1.0,1.0
582,41,36,29,"(41, 36, 29)",r:41_c:36_sp:29,p_inst:0,1.0,1.0
583,84,42,29,"(84, 42, 29)",r:84_c:42_sp:29,p_inst:0,1.0,1.0
584,76,61,29,"(76, 61, 29)",r:76_c:61_sp:29,p_inst:0,1.0,1.0
585,72,45,29,"(72, 45, 29)",r:72_c:45_sp:29,p_inst:0,1.0,1.0
586,37,35,29,"(37, 35, 29)",r:37_c:35_sp:29,p_inst:0,1.0,1.0
587,34,60,29,"(34, 60, 29)",r:34_c:60_sp:29,p_inst:0,1.0,1.0
588,66,39,29,"(66, 39, 29)",r:66_c:39_sp:29,p_inst:0,1.0,1.0
589,58,52,29,"(58, 52, 29)",r:58_c:52_sp:29,p_inst:0,1.0,1.0
590,54,31,29,"(54, 31, 29)",r:54_c:31_sp:29,p_inst:0,1.0,1.0
591,34,54,29,"(34, 54, 29)",r:34_c:54_sp:29,p_inst:0,1.0,1.0
592,55,37,29,"(55, 37, 29)",r:55_c:37_sp:29,p_inst:0,1.0,1.0
593,77,52,29,"(77, 52, 29)",r:77_c:52_sp:29,p_inst:0,1.0,1.0
594,35,37,29,"(35, 37, 29)",r:35_c:37_sp:29,p_inst:0,1.0,1.0
595,71,31,29,"(71, 31, 29)",r:71_c:31_sp:29,p_inst:0,1.0,1.0
596,73,59,29,"(73, 59, 29)",r:73_c:59_sp:29,p_inst:0,1.0,1.0
597,54,41,29,"(54, 41, 29)",r:54_c:41_sp:29,p_inst:0,1.0,1.0
598,68,55,29,"(68, 55, 29)",r:68_c:55_sp:29,p_inst:0,1.0,1.0
599,59,40,29,"(59, 40, 29)",r:59_c:40_sp:29,p_inst:0,1.0,1.0
600,72,58,30,"(72, 58, 30)",r:72_c:58_sp:30,p_inst:0,1.0,1.0
601,70,32,30,"(70, 32, 30)",r:70_c:32_sp:30,p_inst:0,1.0,1.0
602,41,36,30,"(41, 36, 30)",r:41_c:36_sp:30,p_inst:0,1.0,1.0
603,84,42,30,"(84, 42, 30)",r:84_c:42_sp:30,p_inst:0,1.0,1.0
604,76,61,30,"(76, 61, 30)",r:76_c:61_sp:30,p_inst:0,1.0,1.0
605,72,45,30,"(72, 45, 30)",r:72_c:45_sp:30,p_inst:0,1.0,1.0
606,37,35,30,"(37, 35, 30)",r:37_c:35_sp:30,p_inst:0,1.0,1.0
607,34,60,30,"(34, 60, 30)",r:34_c:60_sp:30,p_inst:0,1.0,1.0
608,66,39,30,"(66, 39, 30)",r:66_c:39_sp:30,p_inst:0,1.0,1.0
609,58,52,30,"(58, 52, 30)",r:58_c:52_sp:30,p_inst:0,1.0,1.0
610,54,31,30,"(54, 31, 30)",r:54_c:31_sp:30,p_inst:0,1.0,1.0
611,34,54,30,"(34, 54, 30)",r:34_c:54_sp:30,p_inst:0,1.0,1.0
612,55,37,30,"(55, 37, 30)",r:55_c:37_sp:30,p_inst:0,1.0,1.0
613,77,52,30,"(77, 52, 30)",r:77_c:52_sp:30,p_inst:0,1.0,1.0
614,35,37,30,"(35, 37, 30)",r:35_c:37_sp:30,p_inst:0,1.0,1.0
615,71,31,30,"(71, 31, 30)",r:71_c:31_sp:30,p_inst:0,1.0,1.0
616,73,59,30,"(73, 59, 30)",r:73_c:59_sp:30,p_inst:0,1.0,1.0
617,54,41,30,"(54, 41, 30)",r:54_c:41_sp:30,p_inst:0,1.0,1.0
618,68,55,30,"(68, 55, 30)",r:68_c:55_sp:30,p_inst:0,1.0,1.0
619,59,40,30,"(59, 40, 30)",r:59_c:40_sp:30,p_inst:0,1.0,1.0
620,72,58,31,"(72, 58, 31)",r:72_c:58_sp:31,p_inst:0,1.0,1.0
621,70,32,31,"(70, 32, 31)",r:70_c:32_sp:31,p_inst:0,1.0,1.0
622,41,36,31,"(41, 36, 31)",r:41_c:36_sp:31,p_inst:0,1.0,1.0
623,84,42,31,"(84, 42, 31)",r:84_c:42_sp:31,p_inst:0,1.0,1.0
624,76,61,31,"(76, 61, 31)",r:76_c:61_sp:31,p_inst:0,1.0,1.0
625,72,45,31,"(72, 45, 31)",r:72_c:45_sp:31,p_inst:0,1.0,1.0
626,37,35,31,"(37, 35, 31)",r:37_c:35_sp:31,p_inst:0,1.0,1.0
627,34,60,31,"(34, 60, 31)",r:34_c:60_sp:31,p_inst:0,1.0,1.0
628,66,39,31,"(66, 39, 31)",r:66_c:39_sp:31,p_inst:0,1.0,1.0
629,58,52,31,"(58, 52, 31)",r:58_c:52_sp:31,p_inst:0,1.0,1.0
630,54,31,31,"(54, 31, 31)",r:54_c:31_sp:31,p_inst:0,1.0,1.0
631,34,54,31,"(34, 54, 31)",r:34_c:54_sp:31,p_inst:0,1.0,1.0
632,55,37,31,"(55, 37, 31)",r:55_c:37_sp:31,p_inst:0,1.0,1.0
633,77,52,31,"(77, 52, 31)",r:77_c:52_sp:31,p_inst:0,1.0,1.0
634,35,37,31,"(35, 37, 31)",r:35_c:37_sp:31,p_inst:0,1.0,1.0
635,71,31,31,"(71, 31, 31)",r:71_c:31_sp:31,p_inst:0,1.0,1.0
636,73,59,31,"(73, 59, 31)",r:73_c:59_sp:31,p_inst:0,1.0,1.0
637,54,41,31,"(54, 41, 31)",r:54_c:41_sp:31,p_inst:0,1.0,1.0
638,68,55,31,"(68, 55, 31)",r:68_c:55_sp:31,p_inst:0,1.0,1.0
639,59,40,31,"(59, 40, 31)",r:59_c:40_sp:31,p_inst:0,1.0,1.0
640,72,58,32,"(72, 58, 32)",r:72_c:58_sp:32,p_inst:0,1.0,1.0
641,70,32,32,"(70, 32, 32)",r:70_c:32_sp:32,p_inst:0,1.0,1.0
642,41,36,32,"(41, 36, 32)",r:41_c:36_sp:32,p_inst:0,1.0,1.0
643,84,42,32,"(84, 42, 32)",r:84_c:42_sp:32,p_inst:0,1.0,1.0
644,76,61,32,"(76, 61, 32)",r:76_c:61_sp:32,p_inst:0,1.0,1.0
645,72,45,32,"(72, 45, 32)",r:72_c:45_sp:32,p_inst:0,1.0,1.0
646,37,35,32,"(37, 35, 32)",r:37_c:35_sp:32,p_inst:0,1.0,1.0
647,34,60,32,"(34, 60, 32)",r:34_c:60_sp:32,p_inst:0,1.0,1.0
648,66,39,32,"(66, 39, 32)",r:66_c:39_sp:32,p_inst:0,1.0,1.0
649,58,52,32,"(58, 52, 32)",r:58_c:52_sp:32,p_inst:0,1.0,1.0
650,54,31,32,"(54, 31, 32)",r:54_c:31_sp:32,p_inst:0,1.0,1.0
651,34,54,32,"(34, 54, 32)",r:34_c:54_sp:32,p_inst:0,1.0,1.0
652,55,37,32,"(55, 37, 32)",r:55_c:37_sp:32,p_inst:0,1.0,1.0
653,77,52,32,"(77, 52, 32)",r:77_c:52_sp:32,p_inst:0,1.0,1.0
654,35,37,32,"(35, 37, 32)",r:35_c:37_sp:32,p_inst:0,1.0,1.0
655,71,31,32,"(71, 31, 32)",r:71_c:31_sp:32,p_inst:0,1.0,1.0
656,73,59,32,"(73, 59, 32)",r:73_c:59_sp:32,p_inst:0,1.0,1.0
657,54,41,32,"(54, 41, 32)",r:54_c:41_sp:32,p_inst:0,1.0,1.0
658,68,55,32,"(68, 55, 32)",r:68_c:55_sp:32,p_inst:0,1.0,1.0
659,59,40,32,"(59, 40, 32)",r:59_c:40_sp:32,p_inst:0,1.0,1.0
660,72,58,33,"(72, 58, 33)",r:72_c:58_sp:33,p_inst:0,1.0,1.0
661,70,32,33,"(70, 32, 33)",r:70_c:32_sp:33,p_inst:0,1.0,1.0
662,41,36,33,"(41, 36, 33)",r:41_c:36_sp:33,p_inst:0,1.0,1.0
663,84,42,33,"(84, 42, 33)",r:84_c:42_sp:33,p_inst:0,1.0,1.0
664,76,61,33,"(76, 61, 33)",r:76_c:61_sp:33,p_inst:0,1.0,1.0
665,72,45,33,"(72, 45, 33)",r:72_c:45_sp:33,p_inst:0,1.0,1.0
666,37,35,33,"(37, 35, 33)",r:37_c:35_sp:33,p_inst:0,1.0,1.0
667,34,60,33,"(34, 60, 33)",r:34_c:60_sp:33,p_inst:0,1.0,1.0
668,66,39,33,"(66, 39, 33)",r:66_c:39_sp:33,p_inst:0,1.0,1.0
669,58,52,33,"(58, 52, 33)",r:58_c:52_sp:33,p_inst:0,1.0,1.0
670,54,31,33,"(54, 31, 33)",r:54_c:31_sp:33,p_inst:0,1.0,1.0
671,34,54,33,"(34, 54, 33)",r:34_c:54_sp:33,p_inst:0,1.0,1.0
672,55,37,33,"(55, 37, 33)",r:55_c:37_sp:33,p_inst:0,1.0,1.0
673,77,52,33,"(77, 52, 33)",r:77_c:52_sp:33,p_inst:0,1.0,1.0
674,35,37,33,"(35, 37, 33)",r:35_c:37_sp:33,p_inst:0,1.0,1.0
675,71,31,33,"(71, 31, 33)",r:71_c:31_sp:33,p_inst:0,1.0,1.0
676,73,59,33,"(73, 59, 33)",r:73_c:59_sp:33,p_inst:0,1.0,1.0
677,54,41,33,"(54, 41, 33)",r:54_c:41_sp:33,p_inst:0,1.0,1.0
678,68,55,33,"(68, 55, 33)",r:68_c:55_sp:33,p_inst:0,1.0,1.0
679,59,40,33,"(59, 40, 33)",r:59_c:40_sp:33,p_inst:0,1.0,1.0
680,72,58,34,"(72, 58, 34)",r:72_c:58_sp:34,p_inst:0,1.0,1.0
681,70,32,34,"(70, 32, 34)",r:70_c:32_sp:34,p_inst:0,1.0,1.0
682,41,36,34,"(41, 36, 34)",r:41_c:36_sp:34,p_inst:0,1.0,1.0
683,84,42,34,"(84, 42, 34)",r:84_c:42_sp:34,p_inst:0,1.0,1.0
684,76,61,34,"(76, 61, 34)",r:76_c:61_sp:34,p_inst:0,1.0,1.0
685,72,45,34,"(72, 45, 34)",r:72_c:45_sp:34,p_inst:0,1.0,1.0
686,37,35,34,"(37, 35, 34)",r:37_c:35_sp:34,p_inst:0,1.0,1.0
687,34,60,34,"(34, 60, 34)",r:34_c:60_sp:34,p_inst:0,1.0,1.0
688,66,39,34,"(66, 39, 34)",r:66_c:39_sp:34,p_inst:0,1.0,1.0
689,58,52,34,"(58, 52, 34)",r:58_c:52_sp:34,p_inst:0,1.0,1.0
690,54,31,34,"(54, 31, 34)",r:54_c:31_sp:34,p_inst:0,1.0,1.0
691,34,54,34,"(34, 54, 34)",r:34_c:54_sp:34,p_inst:0,1.0,1.0
692,55,37,34,"(55, 37, 34)",r:55_c:37_sp:34,p_inst:0,1.0,1.0
693,77,52,34,"(77, 52, 34)",r:77_c:52_sp:34,p_inst:0,1.0,1.0
694,35,37,34,"(35, 37, 34)",r:35_c:37_sp:34,p_inst:0,1.0,1.0
695,71,31,34,"(71, 31, 34)",r:71_c:31_sp:34,p_inst:0,1.0,1.0
696,73,59,34,"(73, 59, 34)",r:73_c:59_sp:34,p_inst:0,1.0,1.0
697,54,41,34,"(54, 41, 34)",r:54_c:41_sp:34,p_inst:0,1.0,1.0
698,68,55,34,"(68, 55, 34)",r:68_c:55_sp:34,p_inst:0,1.0,1.0
699,59,40,34,"(59, 40, 34)",r:59_c:40_sp:34,p_inst:0,1.0,1.0
700,72,58,35,"(72, 58, 35)",r:72_c:58_sp:35,p_inst:0,1.0,1.0
701,70,32,35,"(70, 32, 35)",r:70_c:32_sp:35,p_inst:0,1.0,1.0
702,41,36,35,"(41, 36, 35)",r:41_c:36_sp:35,p_inst:0,1.0,1.0
703,84,42,35,"(84, 42, 35)",r:84_c:42_sp:35,p_inst:0,1.0,1.0
704,76,61,35,"(76, 61, 35)",r:76_c:61_sp:35,p_inst:0,1.0,1.0
705,72,45,35,"(72, 45, 35)",r:72_c:45_sp:35,p_inst:0,1.0,1.0
706,37,35,35,"(37, 35, 35)",r:37_c:35_sp:35,p_inst:0,1.0,1.0
707,34,60,35,"(34, 60, 35)",r:34_c:60_sp:35,p_inst:0,1.0,1.0
708,66,39,35,"(66, 39, 35)",r:66_c:39_sp:35,p_inst:0,1.0,1.0
709,58,52,35,"(58, 52, 35)",r:58_c:52_sp:35,p_inst:0,1.0,1.0
710,54,31,35,"(54, 31, 35)",r:54_c:31_sp:35,p_inst:0,1.0,1.0
711,34,54,35,"(34, 54, 35)",r:34_c:54_sp:35,p_inst:0,1.0,1.0
712,55,37,35,"(55, 37, 35)",r:55_c:37_sp:35,p_inst:0,1.0,1.0
713,77,52,35,"(77, 52, 35)",r:77_c:52_sp:35,p_inst:0,1.0,1.0
714,35,37,35,"(35, 37, 35)",r:35_c:37_sp:35,p_inst:0,1.0,1.0
715,71,31,35,"(71, 31, 35)",r:71_c:31_sp:35,p_inst:0,1.0,1.0
716,73,59,35,"(73, 59, 35)",r:73_c:59_sp:35,p_inst:0,1.0,1.0
717,54,41,35,"(54, 41, 35)",r:54_c:41_sp:35,p_inst:0,1.0,1.0
718,68,55,35,"(68, 55, 35)",r:68_c:55_sp:35,p_inst:0,1.0,1.0
719,59,40,35,"(59, 40, 35)",r:59_c:40_sp:35,p_inst:0,1.0,1.0
720,72,58,36,"(72, 58, 36)",r:72_c:58_sp:36,p_inst:0,1.0,1.0
721,70,32,36,"(70, 32, 36)",r:70_c:32_sp:36,p_inst:0,1.0,1.0
722,41,36,36,"(41, 36, 36)",r:41_c:36_sp:36,p_inst:0,1.0,1.0
723,84,42,36,"(84, 42, 36)",r:84_c:42_sp:36,p_inst:0,1.0,1.0
724,76,61,36,"(76, 61, 36)",r:76_c:61_sp:36,p_inst:0,1.0,1.0
725,72,45,36,"(72, 45, 36)",r:72_c:45_sp:36,p_inst:0,1.0,1.0
726,37,35,36,"(37, 35, 36)",r:37_c:35_sp:36,p_inst:0,1.0,1.0
727,34,60,36,"(34, 60, 36)",r:34_c:60_sp:36,p_inst:0,1.0,1.0
728,66,39,36,"(66, 39, 36)",r:66_c:39_sp:36,p_inst:0,1.0,1.0
729,58,52,36,"(58, 52, 36)",r:58_c:52_sp:36,p_inst:0,1.0,1.0
730,54,31,36,"(54, 31, 36)",r:54_c:31_sp:36,p_inst:0,1.0,1.0
731,34,54,36,"(34, 54, 36)",r:34_c:54_sp:36,p_inst:0,1.0,1.0
732,55,37,36,"(55, 37, 36)",r:55_c:37_sp:36,p_inst:0,1.0,1.0
733,77,52,36,"(77, 52, 36)",r:77_c:52_sp:36,p_inst:0,1.0,1.0
734,35,37,36,"(35, 37, 36)",r:35_c:37_sp:36,p_inst:0,1.0,1.0
735,71,31,36,"(71, 31, 36)",r:71_c:31_sp:36,p_inst:0,1.0,1.0
736,73,59,36,"(73, 59, 36)",r:73_c:59_sp:36,p_inst:0,1.0,1.0
737,54,41,36,"(54, 41, 36)",r:54_c:41_sp:36,p_inst:0,1.0,1.0
738,68,55,36,"(68, 55, 36)",r:68_c:55_sp:36,p_inst:0,1.0,1.0
739,59,40,36,"(59, 40, 36)",r:59_c:40_sp:36,p_inst:0,1.0,1.0
740,72,58,37,"(72, 58, 37)",r:72_c:58_sp:37,p_inst:0,1.0,1.0
741,70,32,37,"(70, 32, 37)",r:70_c:32_sp:37,p_inst:0,1.0,1.0
742,41,36,37,"(41, 36, 37)",r:41_c:36_sp:37,p_inst:0,1.0,1.0
743,84,42,37,"(84, 42, 37)",r:84_c:42_sp:37,p_inst:0,1.0,1.0
744,76,61,37,"(76, 61, 37)",r:76_c:61_sp:37,p_inst:0,1.0,1.0
745,72,45,37,"(72, 45, 37)",r:72_c:45_sp:37,p_inst:0,1.0,1.0
746,37,35,37,"(37, 35, 37)",r:37_c:35_sp:37,p_inst:0,1.0,1.0
747,34,60,37,"(34, 60, 37)",r:34_c:60_sp:37,p_inst:0,1.0,1.0
748,66,39,37,"(66, 39, 37)",r:66_c:39_sp:37,p_inst:0,1.0,1.0
749,58,52,37,"(58, 52, 37)",r:58_c:52_sp:37,p_inst:0,1.0,1.0
750,54,31,37,"(54, 31, 37)",r:54_c:31_sp:37,p_inst:0,1.0,1.0
751,34,54,37,"(34, 54, 37)",r:34_c:54_sp:37,p_inst:0,1.0,1.0
752,55,37,37,"(55, 37, 37)",r:55_c:37_sp:37,p_inst:0,1.0,1.0
753,77,52,37,"(77, 52, 37)",r:77_c:52_sp:37,p_inst:0,1.0,1.0
754,35,37,37,"(35, 37, 37)",r:35_c:37_sp:37,p_inst:0,1.0,1.0
755,71,31,37,"(71, 31, 37)",r:71_c:31_sp:37,p_inst:0,1.0,1.0
756,73,59,37,"(73, 59, 37)",r:73_c:59_sp:37,p_inst:0,1.0,1.0
757,54,41,37,"(54, 41, 37)",r:54_c:41_sp:37,p_inst:0,1.0,1.0
758,68,55,37,"(68, 55, 37)",r:68_c:55_sp:37,p_inst:0,1.0,1.0
759,59,40,37,"(59, 40, 37)",r:59_c:40_sp:37,p_inst:0,1.0,1.0
760,72,58,38,"(72, 58, 38)",r:72_c:58_sp:38,p_inst:0,1.0,1.0
761,70,32,38,"(70, 32, 38)",r:70_c:32_sp:38,p_inst:0,1.0,1.0
762,41,36,38,"(41, 36, 38)",r:41_c:36_sp:38,p_inst:0,1.0,1.0
763,84,42,38,"(84, 42, 38)",r:84_c:42_sp:38,p_inst:0,1.0,1.0
764,76,61,38,"(76, 61, 38)",r:76_c:61_sp:38,p_inst:0,1.0,1.0
765,72,45,38,"(72, 45, 38)",r:72_c:45_sp:38,p_inst:0,1.0,1.0
766,37,35,38,"(37, 35, 38)",r:37_c:35_sp:38,p_inst:0,1.0,1.0
767,34,60,38,"(34, 60, 38)",r:34_c:60_sp:38,p_inst:0,1.0,1.0
768,66,39,38,"(66, 39, 38)",r:66_c:39_sp:38,p_inst:0,1.0,1.0
769,58,52,38,"(58, 52, 38)",r:58_c:52_sp:38,p_inst:0,1.0,1.0
770,54,31,38,"(54, 31, 38)",r:54_c:31_sp:38,p_inst:0,1.0,1.0
771,34,54,38,"(34, 54, 38)",r:34_c:54_sp:38,p_inst:0,1.0,1.0
772,55,37,38,"(55, 37, 38)",r:55_c:37_sp:38,p_inst:0,1.0,1.0
773,77,52,38,"(77, 52, 38)",r:77_c:52_sp:38,p_inst:0,1.0,1.0
774,35,37,38,"(35, 37, 38)",r:35_c:37_sp:38,p_inst:0,1.0,1.0
775,71,31,38,"(71, 31, 38)",r:71_c:31_sp:38,p_inst:0,1.0,1.0
776,73,59,38,"(73, 59, 38)",r:73_c:59_sp:38,p_inst:0,1.0,1.0
777,54,41,38,"(54, 41, 38)",r:54_c:41_sp:38,p_inst:0,1.0,1.0
778,68,55,38,"(68, 55, 38)",r:68_c:55_sp:38,p_inst:0,1.0,1.0
779,59,40,38,"(59, 40, 38)",r:59_c:40_sp:38,p_inst:0,1.0,1.0
780,72,58,39,"(72, 58, 39)",r:72_c:58_sp:39,p_inst:0,1.0,1.0
781,70,32,39,"(70, 32, 39)",r:70_c:32_sp:39,p_inst:0,1.0,1.0
782,41,36,39,"(41, 36, 39)",r:41_c:36_sp:39,p_inst:0,1.0,1.0
783,84,42,39,"(84, 42, 39)",r:84_c:42_sp:39,p_inst:0,1.0,1.0
784,76,61,39,"(76, 61, 39)",r:76_c:61_sp:39,p_inst:0,1.0,1.0
785,72,45,39,"(72, 45, 39)",r:72_c:45_sp:39,p_inst:0,1.0,1.0
786,37,35,39,"(37, 35, 39)",r:37_c:35_sp:39,p_inst:0,1.0,1.0
787,34,60,39,"(34, 60, 39)",r:34_c:60_sp:39,p_inst:0,1.0,1.0
788,66,39,39,"(66, 39, 39)",r:66_c:39_sp:39,p_inst:0,1.0,1.0
789,58,52,39,"(58, 52, 39)",r:58_c:52_sp:39,p_inst:0,1.0,1.0
790,54,31,39,"(54, 31, 39)",r:54_c:31_sp:39,p_inst:0,1.0,1.0
791,34,54,39,"(34, 54, 39)",r:34_c:54_sp:39,p_inst:0,1.0,1.0
792,55,37,39,"(55, 37, 39)",r:55_c:37_sp:39,p_inst:0,1.0,1.0
793,77,52,39,"(77, 52, 39)",r:77_c:52_sp:39,p_inst:0,1.0,1.0
794,35,37,39,"(35, 37, 39)",r:35_c:37_sp:39,p_inst:0,1.0,1.0
795,71,31,39,"(71, 31, 39)",r:71_c:31_sp:39,p_inst:0,1.0,1.0
796,73,59,39,"(73, 59, 39)",r:73_c:59_sp:39,p_inst:0,1.0,1.0
797,54,41,39,"(54, 41, 39)",r:54_c:41_sp:39,p_inst:0,1.0,1.0
798,68,55,39,"(68, 55, 39)",r:68_c:55_sp:39,p_inst:0,1.0,1.0
799,59,40,39,"(59, 40, 39)",r:59_c:40_sp:39,p_inst:0,1.0,1.0
800,72,58,40,"(72, 58, 40)",r:72_c:58_sp:40,p_inst:0,1.0,1.0
801,70,32,40,"(70, 32, 40)",r:70_c:32_sp:40,p_inst:0,1.0,1.0
802,41,36,40,"(41, 36, 40)",r:41_c:36_sp:40,p_inst:0,1.0,1.0
803,84,42,40,"(84, 42, 40)",r:84_c:42_sp:40,p_inst:0,1.0,1.0
804,76,61,40,"(76, 61, 40)",r:76_c:61_sp:40,p_inst:0,1.0,1.0
805,72,45,40,"(72, 45, 40)",r:72_c:45_sp:40,p_inst:0,1.0,1.0
806,37,35,40,"(37, 35, 40)",r:37_c:35_sp:40,p_inst:0,1.0,1.0
807,34,60,40,"(34, 60, 40)",r:34_c:60_sp:40,p_inst:0,1.0,1.0
808,66,39,40,"(66, 39, 40)",r:66_c:39_sp:40,p_inst:0,1.0,1.0
809,58,52,40,"(58, 52, 40)",r:58_c:52_sp:40,p_inst:0,1.0,1.0
810,54,31,40,"(54, 31, 40)",r:54_c:31_sp:40,p_inst:0,1.0,1.0
811,34,54,40,"(34, 54, 40)",r:34_c:54_sp:40,p_inst:0,1.0,1.0
812,55,37,40,"(55, 37, 40)",r:55_c:37_sp:40,p_inst:0,1.0,1.0
813,77,52,40,"(77, 52, 40)",r:77_c:52_sp:40,p_inst:0,1.0,1.0
814,35,37,40,"(35, 37, 40)",r:35_c:37_sp:40,p_inst:0,1.0,1.0
815,71,31,40,"(71, 31, 40)",r:71_c:31_sp:40,p_inst:0,1.0,1.0
816,73,59,40,"(73, 59, 40)",r:73_c:59_sp:40,p_inst:0,1.0,1.0
817,54,41,40,"(54, 41, 40)",r:54_c:41_sp:40,p_inst:0,1.0,1.0
818,68,55,40,"(68, 55, 40)",r:68_c:55_sp:40,p_inst:0,1.0,1.0
819,59,40,40,"(59, 40, 40)",r:59_c:40_sp:40,p_inst:0,1.0,1.0
820,72,58,41,"(72, 58, 41)",r:72_c:58_sp:41,p_inst:0,1.0,1.0
821,70,32,41,"(70, 32, 41)",r:70_c:32_sp:41,p_inst:0,1.0,1.0
822,41,36,41,"(41, 36, 41)",r:41_c:36_sp:41,p_inst:0,1.0,1.0
823,84,42,41,"(84, 42, 41)",r:84_c:42_sp:41,p_inst:0,1.0,1.0
824,76,61,41,"(76, 61, 41)",r:76_c:61_sp:41,p_inst:0,1.0,1.0
825,72,45,41,"(72, 45, 41)",r:72_c:45_sp:41,p_inst:0,1.0,1.0
826,37,35,41,"(37, 35, 41)",r:37_c:35_sp:41,p_inst:0,1.0,1.0
827,34,60,41,"(34, 60, 41)",r:34_c:60_sp:41,p_inst:0,1.0,1.0
828,66,39,41,"(66, 39, 41)",r:66_c:39_sp:41,p_inst:0,1.0,1.0
829,58,52,41,"(58, 52, 41)",r:58_c:52_sp:41,p_inst:0,1.0,1.0
830,54,31,41,"(54, 31, 41)",r:54_c:31_sp:41,p_inst:0,1.0,1.0
831,34,54,41,"(34, 54, 41)",r:34_c:54_sp:41,p_inst:0,1.0,1.0
832,55,37,41,"(55, 37, 41)",r:55_c:37_sp:41,p_inst:0,1.0,1.0
833,77,52,41,"(77, 52, 41)",r:77_c:52_sp:41,p_inst:0,1.0,1.0
834,35,37,41,"(35, 37, 41)",r:35_c:37_sp:41,p_inst:0,1.0,1.0
835,71,31,41,"(71, 31, 41)",r:71_c:31_sp:41,p_inst:0,1.0,1.0
836,73,59,41,"(73, 59, 41)",r:73_c:59_sp:41,p_inst:0,1.0,1.0
837,54,41,41,"(54, 41, 41)",r:54_c:41_sp:41,p_inst:0,1.0,1.0
838,68,55,41,"(68, 55, 41)",r:68_c:55_sp:41,p_inst:0,1.0,1.0
839,59,40,41,"(59, 40, 41)",r:59_c:40_sp:41,p_inst:0,1.0,1.0
840,72,58,42,"(72, 58, 42)",r:72_c:58_sp:42,p_inst:0,1.0,1.0
841,70,32,42,"(70, 32, 42)",r:70_c:32_sp:42,p_inst:0,1.0,1.0
842,41,36,42,"(41, 36, 42)",r:41_c:36_sp:42,p_inst:0,1.0,1.0
843,84,42,42,"(84, 42, 42)",r:84_c:42_sp:42,p_inst:0,1.0,1.0
844,76,61,42,"(76, 61, 42)",r:76_c:61_sp:42,p_inst:0,1.0,1.0
845,72,45,42,"(72, 45, 42)",r:72_c:45_sp:42,p_inst:0,1.0,1.0
846,37,35,42,"(37, 35, 42)",r:37_c:35_sp:42,p_inst:0,1.0,1.0
847,34,60,42,"(34, 60, 42)",r:34_c:60_sp:42,p_inst:0,1.0,1.0
848,66,39,42,"(66, 39, 42)",r:66_c:39_sp:42,p_inst:0,1.0,1.0
849,58,52,42,"(58, 52, 42)",r:58_c:52_sp:42,p_inst:0,1.0,1.0
850,54,31,42,"(54, 31, 42)",r:54_c:31_sp:42,p_inst:0,1.0,1.0
851,34,54,42,"(34, 54, 42)",r:34_c:54_sp:42,p_inst:0,1.0,1.0
852,55,37,42,"(55, 37, 42)",r:55_c:37_sp:42,p_inst:0,1.0,1.0
853,77,52,42,"(77, 52, 42)",r:77_c:52_sp:42,p_inst:0,1.0,1.0
854,35,37,42,"(35, 37, 42)",r:35_c:37_sp:42,p_inst:0,1.0,1.0
855,71,31,42,"(71, 31, 42)",r:71_c:31_sp:42,p_inst:0,1.0,1.0
856,73,59,42,"(73, 59, 42)",r:73_c:59_sp:42,p_inst:0,1.0,1.0
857,54,41,42,"(54, 41, 42)",r:54_c:41_sp:42,p_inst:0,1.0,1.0
858,68,55,42,"(68, 55, 42)",r:68_c:55_sp:42,p_inst:0,1.0,1.0
859,59,40,42,"(59, 40, 42)",r:59_c:40_sp:42,p_inst:0,1.0,1.0
860,72,58,43,"(72, 58, 43)",r:72_c:58_sp:43,p_inst:0,1.0,1.0
861,70,32,43,"(70, 32, 43)",r:70_c:32_sp:43,p_inst:0,1.0,1.0
862,41,36,43,"(41, 36, 43)",r:41_c:36_sp:43,p_inst:0,1.0,1.0
863,84,42,43,"(84, 42, 43)",r:84_c:42_sp:43,p_inst:0,1.0,1.0
864,76,61,43,"(76, 61, 43)",r:76_c:61_sp:43,p_inst:0,1.0,1.0
865,72,45,43,"(72, 45, 43)",r:72_c:45_sp:43,p_inst:0,1.0,1.0
866,37,35,43,"(37, 35, 43)",r:37_c:35_sp:43,p_inst:0,1.0,1.0
867,34,60,43,"(34, 60, 43)",r:34_c:60_sp:43,p_inst:0,1.0,1.0
868,66,39,43,"(66, 39, 43)",r:66_c:39_sp:43,p_inst:0,1.0,1.0
869,58,52,43,"(58, 52, 43)",r:58_c:52_sp:43,p_inst:0,1.0,1.0
870,54,31,43,"(54, 31, 43)",r:54_c:31_sp:43,p_inst:0,1.0,1.0
871,34,54,43,"(34, 54, 43)",r:34_c:54_sp:43,p_inst:0,1.0,1.0
872,55,37,43,"(55, 37, 43)",r:55_c:37_sp:43,p_inst:0,1.0,1.0
873,77,52,43,"(77, 52, 43)",r:77_c:52_sp:43,p_inst:0,1.0,1.0
874,35,37,43,"(35, 37, 43)",r:35_c:37_sp:43,p_inst:0,1.0,1.0
875,71,31,43,"(71, 31, 43)",r:71_c:31_sp:43,p_inst:0,1.0,1.0
876,73,59,43,"(73, 59, 43)",r:73_c:59_sp:43,p_inst:0,1.0,1.0
877,54,41,43,"(54, 41, 43)",r:54_c:41_sp:43,p_inst:0,1.0,1.0
878,68,55,43,"(68, 55, 43)",r:68_c:55_sp:43,p_inst:0,1.0,1.0
879,59,40,43,"(59, 40, 43)",r:59_c:40_sp:43,p_inst:0,1.0,1.0
880,72,58,44,"(72, 58, 44)",r:72_c:58_sp:44,p_inst:0,1.0,1.0
881,70,32,44,"(70, 32, 44)",r:70_c:32_sp:44,p_inst:0,1.0,1.0
882,41,36,44,"(41, 36, 44)",r:41_c:36_sp:44,p_inst:0,1.0,1.0
883,84,42,44,"(84, 42, 44)",r:84_c:42_sp:44,p_inst:0,1.0,1.0
884,76,61,44,"(76, 61, 44)",r:76_c:61_sp:44,p_inst:0,1.0,1.0
885,72,45,44,"(72, 45, 44)",r:72_c:45_sp:44,p_inst:0,1.0,1.0
886,37,35,44,"(37, 35, 44)",r:37_c:35_sp:44,p_inst:0,1.0,1.0
887,34,60,44,"(34, 60, 44)",r:34_c:60_sp:44,p_inst:0,1.0,1.0
888,66,39,44,"(66, 39, 44)",r:66_c:39_sp:44,p_inst:0,1.0,1.0
889,58,52,44,"(58, 52, 44)",r:58_c:52_sp:44,p_inst:0,1.0,1.0
890,54,31,44,"(54, 31, 44)",r:54_c:31_sp:44,p_inst:0,1.0,1.0
891,34,54,44,"(34, 54, 44)",r:34_c:54_sp:44,p_inst:0,1.0,1.0
892,55,37,44,"(55, 37, 44)",r:55_c:37_sp:44,p_inst:0,1.0,1.0
893,77,52,44,"(77, 52, 44)",r:77_c:52_sp:44,p_inst:0,1.0,1.0
894,35,37,44,"(35, 37, 44)",r:35_c:37_sp:44,p_inst:0,1.0,1.0
895,71,31,44,"(71, 31, 44)",r:71_c:31_sp:44,p_inst:0,1.0,1.0
896,73,59,44,"(73, 59, 44)",r:73_c:59_sp:44,p_inst:0,1.0,1.0
897,54,41,44,"(54, 41, 44)",r:54_c:41_sp:44,p_inst:0,1.0,1.0
898,68,55,44,"(68, 55, 44)",r:68_c:55_sp:44,p_inst:0,1.0,1.0
899,59,40,44,"(59, 40, 44)",r:59_c:40_sp:44,p_inst:0,1.0,1.0
900,72,58,45,"(72, 58, 45)",r:72_c:58_sp:45,p_inst:0,1.0,1.0
901,70,32,45,"(70, 32, 45)",r:70_c:32_sp:45,p_inst:0,1.0,1.0
902,41,36,45,"(41, 36, 45)",r:41_c:36_sp:45,p_inst:0,1.0,1.0
903,84,42,45,"(84, 42, 45)",r:84_c:42_sp:45,p_inst:0,1.0,1.0
904,76,61,45,"(76, 61, 45)",r:76_c:61_sp:45,p_inst:0,1.0,1.0
905,72,45,45,"(72, 45, 45)",r:72_c:45_sp:45,p_inst:0,1.0,1.0
906,37,35,45,"(37, 35, 45)",r:37_c:35_sp:45,p_inst:0,1.0,1.0
907,34,60,45,"(34, 60, 45)",r:34_c:60_sp:45,p_inst:0,1.0,1.0
908,66,39,45,"(66, 39, 45)",r:66_c:39_sp:45,p_inst:0,1.0,1.0
909,58,52,45,"(58, 52, 45)",r:58_c:52_sp:45,p_inst:0,1.0,1.0
910,54,31,45,"(54, 31, 45)",r:54_c:31_sp:45,p_inst:0,1.0,1.0
911,34,54,45,"(34, 54, 45)",r:34_c:54_sp:45,p_inst:0,1.0,1.0
912,55,37,45,"(55, 37, 45)",r:55_c:37_sp:45,p_inst:0,1.0,1.0
913,77,52,45,"(77, 52, 45)",r:77_c:52_sp:45,p_inst:0,1.0,1.0
914,35,37,45,"(35, 37, 45)",r:35_c:37_sp:45,p_inst:0,1.0,1.0
915,71,31,45,"(71, 31, 45)",r:71_c:31_sp:45,p_inst:0,1.0,1.0
916,73,59,45,"(73, 59, 45)",r:73_c:59_sp:45,p_inst:0,1.0,1.0
917,54,41,45,"(54, 41, 45)",r:54_c:41_sp:45,p_inst:0,1.0,1.0
918,68,55,45,"(68, 55, 45)",r:68_c:55_sp:45,p_inst:0,1.0,1.0
919,59,40,45,"(59, 40, 45)",r:59_c:40_sp:45,p_inst:0,1.0,1.0
920,72,58,46,"(72, 58, 46)",r:72_c:58_sp:46,p_inst:0,1.0,1.0
921,70,32,46,"(70, 32, 46)",r:70_c:32_sp:46,p_inst:0,1.0,1.0
922,41,36,46,"(41, 36, 46)",r:41_c:36_sp:46,p_inst:0,1.0,1.0
923,84,42,46,"(84, 42, 46)",r:84_c:42_sp:46,p_inst:0,1.0,1.0
924,76,61,46,"(76, 61, 46)",r:76_c:61_sp:46,p_inst:0,1.0,1.0
925,72,45,46,"(72, 45, 46)",r:72_c:45_sp:46,p_inst:0,1.0,1.0
926,37,35,46,"(37, 35, 46)",r:37_c:35_sp:46,p_inst:0,1.0,1.0
927,34,60,46,"(34, 60, 46)",r:34_c:60_sp:46,p_inst:0,1.0,1.0
928,66,39,46,"(66, 39, 46)",r:66_c:39_sp:46,p_inst:0,1.0,1.0
929,58,52,46,"(58, 52, 46)",r:58_c:52_sp:46,p_inst:0,1.0,1.0
930,54,31,46,"(54, 31, 46)",r:54_c:31_sp:46,p_inst:0,1.0,1.0
931,34,54,46,"(34, 54, 46)",r:34_c:54_sp:46,p_inst:0,1.0,1.0
932,55,37,46,"(55, 37, 46)",r:55_c:37_sp:46,p_inst:0,1.0,1.0
933,77,52,46,"(77, 52, 46)",r:77_c:52_sp:46,p_inst:0,1.0,1.0
934,35,37,46,"(35, 37, 46)",r:35_c:37_sp:46,p_inst:0,1.0,1.0
935,71,31,46,"(71, 31, 46)",r:71_c:31_sp:46,p_inst:0,1.0,1.0
936,73,59,46,"(73, 59, 46)",r:73_c:59_sp:46,p_inst:0,1.0,1.0
937,54,41,46,"(54, 41, 46)",r:54_c:41_sp:46,p_inst:0,1.0,1.0
938,68,55,46,"(68, 55, 46)",r:68_c:55_sp:46,p_inst:0,1.0,1.0
939,59,40,46,"(59, 40, 46)",r:59_c:40_sp:46,p_inst:0,1.0,1.0
940,72,58,47,"(72, 58, 47)",r:72_c:58_sp:47,p_inst:0,1.0,1.0
941,70,32,47,"(70, 32, 47)",r:70_c:32_sp:47,p_inst:0,1.0,1.0
942,41,36,47,"(41, 36, 47)",r:41_c:36_sp:47,p_inst:0,1.0,1.0
943,84,42,47,"(84, 42, 47)",r:84_c:42_sp:47,p_inst:0,1.0,1.0
944,76,61,47,"(76, 61, 47)",r:76_c:61_sp:47,p_inst:0,1.0,1.0
945,72,45,47,"(72, 45, 47)",r:72_c:45_sp:47,p_inst:0,1.0,1.0
946,37,35,47,"(37, 35, 47)",r:37_c:35_sp:47,p_inst:0,1.0,1.0
947,34,60,47,"(34, 60, 47)",r:34_c:60_sp:47,p_inst:0,1.0,1.0
948,66,39,47,"(66, 39, 47)",r:66_c:39_sp:47,p_inst:0,1.0,1.0
949,58,52,47,"(58, 52, 47)",r:58_c:52_sp:47,p_inst:0,1.0,1.0
950,54,31,47,"(54, 31, 47)",r:54_c:31_sp:47,p_inst:0,1.0,1.0
951,34,54,47,"(34, 54, 47)",r:34_c:54_sp:47,p_inst:0,1.0,1.0
952,55,37,47,"(55, 37, 47)",r:55_c:37_sp:47,p_inst:0,1.0,1.0
953,77,52,47,"(77, 52, 47)",r:77_c:52_sp:47,p_inst:0,1.0,1.0
954,35,37,47,"(35, 37, 47)",r:35_c:37_sp:47,p_inst:0,1.0,1.0
955,71,31,47,"(71, 31, 47)",r:71_c:31_sp:47,p_inst:0,1.0,1.0
956,73,59,47,"(73, 59, 47)",r:73_c:59_sp:47,p_inst:0,1.0,1.0
957,54,41,47,"(54, 41, 47)",r:54_c:41_sp:47,p_inst:0,1.0,1.0
958,68,55,47,"(68, 55, 47)",r:68_c:55_sp:47,p_inst:0,1.0,1.0
959,59,40,47,"(59, 40, 47)",r:59_c:40_sp:47,p_inst:0,1.0,1.0
960,72,58,48,"(72, 58, 48)",r:72_c:58_sp:48,p_inst:0,1.0,1.0
961,70,32,48,"(70, 32, 48)",r:70_c:32_sp:48,p_inst:0,1.0,1.0
962,41,36,48,"(41, 36, 48)",r:41_c:36_sp:48,p_inst:0,1.0,1.0
963,84,42,48,"(84, 42, 48)",r:84_c:42_sp:48,p_inst:0,1.0,1.0
964,76,61,48,"(76, 61, 48)",r:76_c:61_sp:48,p_inst:0,1.0,1.0
965,72,45,48,"(72, 45, 48)",r:72_c:45_sp:48,p_inst:0,1.0,1.0
966,37,35,48,"(37, 35, 48)",r:37_c:35_sp:48,p_inst:0,1.0,1.0
967,34,60,48,"(34, 60, 48)",r:34_c:60_sp:48,p_inst:0,1.0,1.0
968,66,39,48,"(66, 39, 48)",r:66_c:39_sp:48,p_inst:0,1.0,1.0
969,58,52,48,"(58, 52, 48)",r:58_c:52_sp:48,p_inst:0,1.0,1.0
970,54,31,48,"(54, 31, 48)",r:54_c:31_sp:48,p_inst:0,1.0,1.0
971,34,54,48,"(34, 54, 48)",r:34_c:54_sp:48,p_inst:0,1.0,1.0
972,55,37,48,"(55, 37, 48)",r:55_c:37_sp:48,p_inst:0,1.0,1.0
973,77,52,48,"(77, 52, 48)",r:77_c:52_sp:48,p_inst:0,1.0,1.0
974,35,37,48,"(35, 37, 48)",r:35_c:37_sp:48,p_inst:0,1.0,1.0
975,71,31,48,"(71, 31, 48)",r:71_c:31_sp:48,p_inst:0,1.0,1.0
976,73,59,48,"(73, 59, 48)",r:73_c:59_sp:48,p_inst:0,1.0,1.0
977,54,41,48,"(54, 41, 48)",r:54_c:41_sp:48,p_inst:0,1.0,1.0
978,68,55,48,"(68, 55, 48)",r:68_c:55_sp:48,p_inst:0,1.0,1.0
979,59,40,48,"(59, 40, 48)",r:59_c:40_sp:48,p_inst:0,1.0,1.0
980,72,58,49,"(72, 58, 49)",r:72_c:58_sp:49,p_inst:0,1.0,1.0
981,70,32,49,"(70, 32, 49)",r:70_c:32_sp:49,p_inst:0,1.0,1.0
982,41,36,49,"(41, 36, 49)",r:41_c:36_sp:49,p_inst:0,1.0,1.0
983,84,42,49,"(84, 42, 49)",r:84_c:42_sp:49,p_inst:0,1.0,1.0
984,76,61,49,"(76, 61, 49)",r:76_c:61_sp:49,p_inst:0,1.0,1.0
985,72,45,49,"(72, 45, 49)",r:72_c:45_sp:49,p_inst:0,1.0,1.0
986,37,35,49,"(37, 35, 49)",r:37_c:35_sp:49,p_inst:0,1.0,1.0
987,34,60,49,"(34, 60, 49)",r:34_c:60_sp:49,p_inst:0,1.0,1.0
988,66,39,49,"(66, 39, 49)",r:66_c:39_sp:49,p_inst:0,1.0,1.0
989,58,52,49,"(58, 52, 49)",r:58_c:52_sp:49,p_inst:0,1.0,1.0
990,54,31,49,"(54, 31, 49)",r:54_c:31_sp:49,p_inst:0,1.0,1.0
991,34,54,49,"(34, 54, 49)",r:34_c:54_sp:49,p_inst:0,1.0,1.0
992,55,37,49,"(55, 37, 49)",r:55_c:37_sp:49,p_inst:0,1.0,1.0
993,77,52,49,"(77, 52, 49)",r:77_c:52_sp:49,p_inst:0,1.0,1.0
994,35,37,49,"(35, 37, 49)",r:35_c:37_sp:49,p_inst:0,1.0,1.0
995,71,31,49,"(71, 31, 49)",r:71_c:31_sp:49,p_inst:0,1.0,1.0
996,73,59,49,"(73, 59, 49)",r:73_c:59_sp:49,p_inst:0,1.0,1.0
997,54,41,49,"(54, 41, 49)",r:54_c:41_sp:49,p_inst:0,1.0,1.0
998,68,55,49,"(68, 55, 49)",r:68_c:55_sp:49,p_inst:0,1.0,1.0
999,59,40,49,"(59, 40, 49)",r:59_c:40_sp:49,p_inst:0,1.0,1.0
1000,72,58,50,"(72, 58, 50)",r:72_c:58_sp:50,p_inst:0,1.0,1.0
1001,70,32,50,"(70, 32, 50)",r:70_c:32_sp:50,p_inst:0,1.0,1.0
1002,41,36,50,"(41, 36, 50)",r:41_c:36_sp:50,p_inst:0,1.0,1.0
1003,84,42,50,"(84, 42, 50)",r:84_c:42_sp:50,p_inst:0,1.0,1.0
1004,76,61,50,"(76, 61, 50)",r:76_c:61_sp:50,p_inst:0,1.0,1.0
1005,72,45,50,"(72, 45, 50)",r:72_c:45_sp:50,p_inst:0,1.0,1.0
1006,37,35,50,"(37, 35, 50)",r:37_c:35_sp:50,p_inst:0,1.0,1.0
1007,34,60,50,"(34, 60, 50)",r:34_c:60_sp:50,p_inst:0,1.0,1.0
1008,66,39,50,"(66, 39, 50)",r:66_c:39_sp:50,p_inst:0,1.0,1.0
1009,58,52,50,"(58, 52, 50)",r:58_c:52_sp:50,p_inst:0,1.0,1.0
1010,54,31,50,"(54, 31, 50)",r:54_c:31_sp:50,p_inst:0,1.0,1.0
1011,34,54,50,"(34, 54, 50)",r:34_c:54_sp:50,p_inst:0,1.0,1.0
1012,55,37,50,"(55, 37, 50)",r:55_c:37_sp:50,p_inst:0,1.0,1.0
1013,77,52,50,"(77, 52, 50)",r:77_c:52_sp:50,p_inst:0,1.0,1.0
1014,35,37,50,"(35, 37, 50)",r:35_c:37_sp:50,p_inst:0,1.0,1.0
1015,71,31,50,"(71, 31, 50)",r:71_c:31_sp:50,p_inst:0,1.0,1.0
1016,73,59,50,"(73, 59, 50)",r:73_c:59_sp:50,p_inst:0,1.0,1.0
1017,54,41,50,"(54, 41, 50)",r:54_c:41_sp:50,p_inst:0,1.0,1.0
1018,68,55,50,"(68, 55, 50)",r:68_c:55_sp:50,p_inst:0,1.0,1.0
1019,59,40,50,"(59, 40, 50)",r:59_c:40_sp:50,p_inst:0,1.0,1.0
1020,72,58,51,"(72, 58, 51)",r:72_c:58_sp:51,p_inst:0,1.0,1.0
1021,70,32,51,"(70, 32, 51)",r:70_c:32_sp:51,p_inst:0,1.0,1.0
1022,41,36,51,"(41, 36, 51)",r:41_c:36_sp:51,p_inst:0,1.0,1.0
1023,84,42,51,"(84, 42, 51)",r:84_c:42_sp:51,p_inst:0,1.0,1.0
1024,76,61,51,"(76, 61, 51)",r:76_c:61_sp:51,p_inst:0,1.0,1.0
1025,72,45,51,"(72, 45, 51)",r:72_c:45_sp:51,p_inst:0,1.0,1.0
1026,37,35,51,"(37, 35, 51)",r:37_c:35_sp:51,p_inst:0,1.0,1.0
1027,34,60,51,"(34, 60, 51)",r:34_c:60_sp:51,p_inst:0,1.0,1.0
1028,66,39,51,"(66, 39, 51)",r:66_c:39_sp:51,p_inst:0,1.0,1.0
1029,58,52,51,"(58, 52, 51)",r:58_c:52_sp:51,p_inst:0,1.0,1.0
1030,54,31,51,"(54, 31, 51)",r:54_c:31_sp:51,p_inst:0,1.0,1.0
1031,34,54,51,"(34, 54, 51)",r:34_c:54_sp:51,p_inst:0,1.0,1.0
1032,55,37,51,"(55, 37, 51)",r:55_c:37_sp:51,p_inst:0,1.0,1.0
1033,77,52,51,"(77, 52, 51)",r:77_c:52_sp:51,p_inst:0,1.0,1.0
1034,35,37,51,"(35, 37, 51)",r:35_c:37_sp:51,p_inst:0,1.0,1.0
1035,71,31,51,"(71, 31, 51)",r:71_c:31_sp:51,p_inst:0,1.0,1.0
1036,73,59,51,"(73, 59, 51)",r:73_c:59_sp:51,p_inst:0,1.0,1.0
1037,54,41,51,"(54, 41, 51)",r:54_c:41_sp:51,p_inst:0,1.0,1.0
1038,68,55,51,"(68, 55, 51)",r:68_c:55_sp:51,p_inst:0,1.0,1.0
1039,59,40,51,"(59, 40, 51)",r:59_c:40_sp:51,p_inst:0,1.0,1.0
