iteration,num_reals,current_lambda,current_comp_mean_phi,current_comp_std_phi,lambda_scale_fac,lambda,comp_mean_phi,comp_std_phi
1,5,1e+06,9.04794e+09,4.53404e+09,0.75,100000,9.7796e+08,6.20356e+08
1,5,1e+06,9.04794e+09,4.53404e+09,1,100000,1.06749e+09,6.41092e+08
1,5,1e+06,9.04794e+09,4.53404e+09,1.1,100000,1.0935e+09,6.54968e+08
1,5,1e+06,9.04794e+09,4.53404e+09,0.75,1e+06,1.34719e+09,9.07188e+08
1,5,1e+06,9.04794e+09,4.53404e+09,1,1e+06,1.44003e+09,9.12031e+08
1,5,1e+06,9.04794e+09,4.53404e+09,1.1,1e+06,1.48957e+09,9.30181e+08
1,5,1e+06,9.04794e+09,4.53404e+09,0.75,1e+07,1.93132e+09,1.05115e+09
1,5,1e+06,9.04794e+09,4.53404e+09,1,1e+07,1.95657e+09,1.07754e+09
1,5,1e+06,9.04794e+09,4.53404e+09,1.1,1e+07,2.02153e+09,1.12525e+09
