name,obs_mean,obs_std,obs_min,obs_max,obs_stat_min,obs_stat_max,sim_mean,sim_std,sim_min,sim_max,sim_stat_min,sim_stat_max,distance
oname:obs.csv_otype:lst_usecol:obsval_obsnme:h_p0_cp0,4.73377,0,4.73377,4.73377,4.73377,4.73377,42.7307,49.7114,4.82256,247.251,-6.98065,92.4421,0.0887985
oname:obs.csv_otype:lst_usecol:obsval_obsnme:h_p0_cp1,4.79105,0,4.79105,4.79105,4.79105,4.79105,43.2055,49.9079,4.90013,242.393,-6.70233,93.1134,0.10908
oname:obs.csv_otype:lst_usecol:obsval_obsnme:h_p0_cp10,4.74945,8.97196e-16,4.74945,4.74945,4.74945,4.74945,42.8788,49.9104,4.83875,248.135,-7.03164,92.7892,0.089298
oname:obs.csv_otype:lst_usecol:obsval_obsnme:h_p0_cp100,4.76936,8.97196e-16,4.76936,4.76936,4.76936,4.76936,43.0362,49.9967,4.85839,248.966,-6.9605,93.033,0.0890314
oname:obs.csv_otype:lst_usecol:obsval_obsnme:h_p0_cp101,4.96584,0,4.96584,4.96584,4.96584,4.96584,46.4355,57.3513,5.0358,287.695,-10.9158,103.787,0.069958
oname:obs.csv_otype:lst_usecol:obsval_obsnme:h_p0_cp102,4.77422,0,4.77422,4.77422,4.77422,4.77422,43.0777,50.0329,4.86317,249.174,-6.95517,93.1106,0.0889482
oname:obs.csv_otype:lst_usecol:obsval_obsnme:h_p0_cp103,4.97022,8.97196e-16,4.97022,4.97022,4.97022,4.97022,46.7312,58.0821,5.03574,291.901,-11.3509,104.813,0.0655142
oname:obs.csv_otype:lst_usecol:obsval_obsnme:h_p0_cp104,4.77921,8.97196e-16,4.77921,4.77921,4.77921,4.77921,43.1203,50.0687,4.86809,249.367,-6.94837,93.1889,0.0888773
oname:obs.csv_otype:lst_usecol:obsval_obsnme:h_p0_cp105,4.95728,0,4.95728,4.95728,4.95728,4.95728,46.4525,57.3924,5.02982,287.109,-10.9398,103.845,0.0725443
oname:obs.csv_otype:lst_usecol:obsval_obsnme:h_p0_cp106,4.78425,8.97196e-16,4.78425,4.78425,4.78425,4.78425,43.1629,50.1025,4.8731,249.528,-6.93956,93.2655,0.0888579
oname:obs.csv_otype:lst_usecol:obsval_obsnme:h_p0_cp107,4.94491,8.97196e-16,4.94491,4.94491,4.94491,4.94491,46.1759,56.708,5.02461,282.276,-10.5321,102.884,0.0797002
oname:obs.csv_otype:lst_usecol:obsval_obsnme:h_p0_cp108,4.78918,8.97196e-16,4.78918,4.78918,4.78918,4.78918,43.2045,50.1326,4.87812,249.637,-6.92805,93.3371,0.0889434
oname:obs.csv_otype:lst_usecol:obsval_obsnme:h_p0_cp109,4.93503,0,4.93503,4.93503,4.93503,4.93503,45.9631,56.1782,5.02079,278.362,-10.2151,102.141,0.0857547
oname:obs.csv_otype:lst_usecol:obsval_obsnme:h_p0_cp11,4.80669,0,4.80669,4.80669,4.80669,4.80669,43.3607,50.1472,4.91933,242.838,-6.78649,93.508,0.112642
oname:obs.csv_otype:lst_usecol:obsval_obsnme:h_p0_cp110,4.79387,0,4.79387,4.79387,4.79387,4.79387,43.2435,50.1566,4.88306,249.667,-6.91305,93.4001,0.0891943
oname:obs.csv_otype:lst_usecol:obsval_obsnme:h_p0_cp111,4.92725,0,4.92725,4.92725,4.92725,4.92725,45.8026,55.7726,5.01817,275.188,-9.97002,101.575,0.0909177
oname:obs.csv_otype:lst_usecol:obsval_obsnme:h_p0_cp112,4.79817,8.97196e-16,4.79817,4.79817,4.79817,4.79817,43.2787,50.1725,4.88783,249.595,-6.89384,93.4513,0.0896627
oname:obs.csv_otype:lst_usecol:obsval_obsnme:h_p0_cp113,4.9211,8.97196e-16,4.9211,4.9211,4.9211,4.9211,45.6798,55.4545,5.01656,272.526,-9.77472,101.134,0.0954591
oname:obs.csv_otype:lst_usecol:obsval_obsnme:h_p0_cp114,4.80203,0,4.80203,4.80203,4.80203,4.80203,43.3096,50.1796,4.8924,249.411,-6.87004,93.4892,0.0903656
oname:obs.csv_otype:lst_usecol:obsval_obsnme:h_p0_cp115,4.91623,8.97196e-16,4.91623,4.91623,4.91623,4.91623,45.5848,55.1994,5.01578,270.223,-9.61457,100.784,0.0995559
oname:obs.csv_otype:lst_usecol:obsval_obsnme:h_p0_cp116,4.80554,8.97196e-16,4.80554,4.80554,4.80554,4.80554,43.3369,50.1788,4.8968,249.127,-6.84183,93.5157,0.0912634
oname:obs.csv_otype:lst_usecol:obsval_obsnme:h_p0_cp117,4.91241,8.97196e-16,4.91241,4.91241,4.91241,4.91241,45.5115,54.992,5.01572,268.185,-9.48055,100.504,0.10331
oname:obs.csv_otype:lst_usecol:obsval_obsnme:h_p0_cp118,4.80886,8.97196e-16,4.80886,4.80886,4.80886,4.80886,43.3623,50.172,4.90114,248.766,-6.80969,93.5343,0.092279
oname:obs.csv_otype:lst_usecol:obsval_obsnme:h_p0_cp119,4.90946,8.97196e-16,4.90946,4.90946,4.90946,4.90946,45.4557,54.8228,5.01623,266.351,-9.3671,100.279,0.106777
oname:obs.csv_otype:lst_usecol:obsval_obsnme:h_p0_cp12,4.75374,8.97196e-16,4.75374,4.75374,4.75374,4.75374,42.9193,49.9644,4.84315,248.372,-7.04513,92.8837,0.089402
oname:obs.csv_otype:lst_usecol:obsval_obsnme:h_p0_cp120,4.81218,0,4.81218,4.81218,4.81218,4.81218,43.3874,50.1616,4.9055,248.353,-6.77417,93.549,0.0933292
oname:obs.csv_otype:lst_usecol:obsval_obsnme:h_p0_cp121,4.90723,0,4.90723,4.90723,4.90723,4.90723,45.4148,54.6855,5.01721,264.683,-9.27066,100.1,0.109981
oname:obs.csv_otype:lst_usecol:obsval_obsnme:h_p0_cp122,4.81564,8.97196e-16,4.81564,4.81564,4.81564,4.81564,43.4137,50.1494,4.90999,247.913,-6.73577,93.5631,0.0943454
oname:obs.csv_otype:lst_usecol:obsval_obsnme:h_p0_cp123,4.90556,0,4.90556,4.90556,4.90556,4.90556,45.3867,54.5757,5.01849,263.155,-9.18891,99.9624,0.11293
oname:obs.csv_otype:lst_usecol:obsval_obsnme:h_p0_cp124,4.81935,8.97196e-16,4.81935,4.81935,4.81935,4.81935,43.442,50.137,4.91463,247.462,-6.69496,93.579,0.0952813
oname:obs.csv_otype:lst_usecol:obsval_obsnme:h_p0_cp125,4.90427,8.97196e-16,4.90427,4.90427,4.90427,4.90427,45.3697,54.4899,5.01989,261.748,-9.12028,99.8596,0.11562
oname:obs.csv_otype:lst_usecol:obsval_obsnme:h_p0_cp126,4.82328,8.97196e-16,4.82328,4.82328,4.82328,4.82328,43.4723,50.1249,4.9194,247.012,-6.65266,93.5972,0.0961151
oname:obs.csv_otype:lst_usecol:obsval_obsnme:h_p0_cp127,4.90315,0,4.90315,4.90315,4.90315,4.90315,45.3619,54.4255,5.0212,260.448,-9.06365,99.7874,0.118048
oname:obs.csv_otype:lst_usecol:obsval_obsnme:h_p0_cp128,4.82719,8.97196e-16,4.82719,4.82719,4.82719,4.82719,43.5026,50.1135,4.92405,246.57,-6.61091,93.6161,0.09686
oname:obs.csv_otype:lst_usecol:obsval_obsnme:h_p0_cp129,4.90197,8.97196e-16,4.90197,4.90197,4.90197,4.90197,45.3616,54.3798,5.02217,259.246,-9.01814,99.7414,0.120204
oname:obs.csv_otype:lst_usecol:obsval_obsnme:h_p0_cp13,4.81094,8.97196e-16,4.81094,4.81094,4.81094,4.81094,43.4031,50.2132,4.92453,242.957,-6.81008,93.6163,0.113584
oname:obs.csv_otype:lst_usecol:obsval_obsnme:h_p0_cp130,4.83041,8.97196e-16,4.83041,4.83041,4.83041,4.83041,43.5275,50.1018,4.928,246.142,-6.57433,93.6293,0.0975882
oname:obs.csv_otype:lst_usecol:obsval_obsnme:h_p0_cp131,4.9005,0,4.9005,4.9005,4.9005,4.9005,45.3669,54.3498,5.02258,258.134,-8.98284,99.7167,0.122082
oname:obs.csv_otype:lst_usecol:obsval_obsnme:h_p0_cp132,4.83162,0,4.83162,4.83162,4.83162,4.83162,43.5363,50.0878,4.93007,245.727,-6.55147,93.6242,0.0984537
oname:obs.csv_otype:lst_usecol:obsval_obsnme:h_p0_cp133,4.89861,8.97196e-16,4.89861,4.89861,4.89861,4.89861,45.3758,54.3323,5.02229,257.104,-8.95648,99.708,0.123681
oname:obs.csv_otype:lst_usecol:obsval_obsnme:h_p0_cp134,4.82937,0,4.82937,4.82937,4.82937,4.82937,43.5174,50.0691,4.929,245.327,-6.55165,93.5865,0.0996308
oname:obs.csv_otype:lst_usecol:obsval_obsnme:h_p0_cp135,4.89627,8.97196e-16,4.89627,4.89627,4.89627,4.89627,45.3859,54.3231,5.02129,256.151,-8.93719,99.709,0.125016
oname:obs.csv_otype:lst_usecol:obsval_obsnme:h_p0_cp136,4.82514,8.97196e-16,4.82514,4.82514,4.82514,4.82514,43.4826,50.0481,4.92609,244.945,-6.56553,93.5307,0.100948
oname:obs.csv_otype:lst_usecol:obsval_obsnme:h_p0_cp137,4.89355,8.97196e-16,4.89355,4.89355,4.89355,4.89355,45.3948,54.3173,5.01966,255.27,-8.92258,99.7121,0.126107
oname:obs.csv_otype:lst_usecol:obsval_obsnme:h_p0_cp138,4.82025,0,4.82025,4.82025,4.82025,4.82025,43.4426,50.0272,4.92251,244.584,-6.58458,93.4698,0.102252
oname:obs.csv_otype:lst_usecol:obsval_obsnme:h_p0_cp139,4.89051,8.97196e-16,4.89051,4.89051,4.89051,4.89051,45.3993,54.3092,5.01749,254.456,-8.90985,99.7085,0.126984
oname:obs.csv_otype:lst_usecol:obsval_obsnme:h_p0_cp14,4.75843,8.97196e-16,4.75843,4.75843,4.75843,4.75843,42.9634,50.023,4.84792,248.628,-7.0596,92.9864,0.0894951
oname:obs.csv_otype:lst_usecol:obsval_obsnme:h_p0_cp140,4.81542,8.97196e-16,4.81542,4.81542,4.81542,4.81542,43.4032,50.0075,4.91889,244.245,-6.60427,93.4107,0.103463
oname:obs.csv_otype:lst_usecol:obsval_obsnme:h_p0_cp141,4.88719,8.97196e-16,4.88719,4.88719,4.88719,4.88719,45.3965,54.2927,5.01487,253.705,-8.8962,99.6892,0.127686
oname:obs.csv_otype:lst_usecol:obsval_obsnme:h_p0_cp142,4.81094,0,4.81094,4.81094,4.81094,4.81094,43.3667,49.9894,4.91549,243.93,-6.62271,93.3561,0.104552
oname:obs.csv_otype:lst_usecol:obsval_obsnme:h_p0_cp143,4.88362,8.97196e-16,4.88362,4.88362,4.88362,4.88362,45.3836,54.2629,5.01187,253.014,-8.87925,99.6465,0.12825
oname:obs.csv_otype:lst_usecol:obsval_obsnme:h_p0_cp144,4.80689,8.97196e-16,4.80689,4.80689,4.80689,4.80689,43.3338,49.973,4.9124,243.638,-6.63929,93.3068,0.105513
oname:obs.csv_otype:lst_usecol:obsval_obsnme:h_p0_cp145,4.87984,8.97196e-16,4.87984,4.87984,4.87984,4.87984,45.3597,54.2174,5.00855,252.379,-8.85767,99.5771,0.128706
oname:obs.csv_otype:lst_usecol:obsval_obsnme:h_p0_cp146,4.80328,0,4.80328,4.80328,4.80328,4.80328,43.3045,49.9584,4.90963,243.37,-6.65393,93.2629,0.106351
oname:obs.csv_otype:lst_usecol:obsval_obsnme:h_p0_cp147,4.87595,8.97196e-16,4.87595,4.87595,4.87595,4.87595,45.3258,54.1574,5.00503,251.8,-8.83158,99.4832,0.129077
oname:obs.csv_otype:lst_usecol:obsval_obsnme:h_p0_cp148,4.8001,0,4.8001,4.8001,4.8001,4.8001,43.2786,49.9454,4.90717,243.126,-6.66672,93.224,0.107077
oname:obs.csv_otype:lst_usecol:obsval_obsnme:h_p0_cp149,4.87205,8.97196e-16,4.87205,4.87205,4.87205,4.87205,45.2845,54.0867,5.00142,251.275,-8.80217,99.3713,0.129377
oname:obs.csv_otype:lst_usecol:obsval_obsnme:h_p0_cp15,4.81564,8.97196e-16,4.81564,4.81564,4.81564,4.81564,43.4497,50.2854,4.93022,243.085,-6.83564,93.7351,0.114582
oname:obs.csv_otype:lst_usecol:obsval_obsnme:h_p0_cp150,4.79731,0,4.79731,4.79731,4.79731,4.79731,43.256,49.9339,4.90501,242.906,-6.67783,93.1899,0.107704
oname:obs.csv_otype:lst_usecol:obsval_obsnme:h_p0_cp151,4.86826,8.97196e-16,4.86826,4.86826,4.86826,4.86826,45.2393,54.0104,4.99788,250.804,-8.77115,99.2497,0.129616
oname:obs.csv_otype:lst_usecol:obsval_obsnme:h_p0_cp152,4.79488,0,4.79488,4.79488,4.79488,4.79488,43.2365,49.9238,4.90313,242.711,-6.68738,93.1603,0.108241
oname:obs.csv_otype:lst_usecol:obsval_obsnme:h_p0_cp153,4.86469,0,4.86469,4.86469,4.86469,4.86469,45.1931,53.9333,4.9945,250.387,-8.74022,99.1264,0.129802
oname:obs.csv_otype:lst_usecol:obsval_obsnme:h_p0_cp154,4.79281,8.97196e-16,4.79281,4.79281,4.79281,4.79281,43.2197,49.9152,4.9015,242.539,-6.69552,93.1348,0.108698
oname:obs.csv_otype:lst_usecol:obsval_obsnme:h_p0_cp155,4.86144,8.97196e-16,4.86144,4.86144,4.86144,4.86144,45.1487,53.8595,4.99138,250.022,-8.71085,99.0082,0.129942
oname:obs.csv_otype:lst_usecol:obsval_obsnme:h_p0_cp16,4.76351,8.97196e-16,4.76351,4.76351,4.76351,4.76351,43.0113,50.0863,4.85308,248.905,-7.07501,93.0975,0.0895723
oname:obs.csv_otype:lst_usecol:obsval_obsnme:h_p0_cp17,4.82082,8.97196e-16,4.82082,4.82082,4.82082,4.82082,43.501,50.3639,4.93644,243.222,-6.86293,93.8648,0.115623
oname:obs.csv_otype:lst_usecol:obsval_obsnme:h_p0_cp18,4.769,0,4.769,4.769,4.769,4.769,43.0629,50.1542,4.85863,249.203,-7.09129,93.2171,0.0896286
oname:obs.csv_otype:lst_usecol:obsval_obsnme:h_p0_cp19,4.82654,0,4.82654,4.82654,4.82654,4.82654,43.5572,50.4488,4.94323,243.369,-6.89168,94.006,0.116693
oname:obs.csv_otype:lst_usecol:obsval_obsnme:h_p0_cp2,4.73613,0,4.73613,4.73613,4.73613,4.73613,42.7531,49.7416,4.82502,247.387,-6.9885,92.4946,0.0888855
oname:obs.csv_otype:lst_usecol:obsval_obsnme:h_p0_cp20,4.77492,0,4.77492,4.77492,4.77492,4.77492,43.1184,50.2268,4.86457,249.522,-7.1084,93.3453,0.0896576
oname:obs.csv_otype:lst_usecol:obsval_obsnme:h_p0_cp21,4.83287,0,4.83287,4.83287,4.83287,4.83287,43.6188,50.5404,4.95065,243.525,-6.92156,94.1592,0.117773
oname:obs.csv_otype:lst_usecol:obsval_obsnme:h_p0_cp22,4.78126,0,4.78126,4.78126,4.78126,4.78126,43.178,50.3042,4.87091,249.865,-7.12627,93.4822,0.0896494
oname:obs.csv_otype:lst_usecol:obsval_obsnme:h_p0_cp23,4.83992,8.97196e-16,4.83992,4.83992,4.83992,4.83992,43.6866,50.6388,4.95876,243.69,-6.95216,94.3254,0.118839
oname:obs.csv_otype:lst_usecol:obsval_obsnme:h_p0_cp24,4.78807,8.97196e-16,4.78807,4.78807,4.78807,4.78807,43.2416,50.3864,4.87766,250.232,-7.14484,93.6281,0.0895918
oname:obs.csv_otype:lst_usecol:obsval_obsnme:h_p0_cp25,4.84783,8.97196e-16,4.84783,4.84783,4.84783,4.84783,43.7612,50.7441,4.96769,243.865,-6.98291,94.5053,0.119863
oname:obs.csv_otype:lst_usecol:obsval_obsnme:h_p0_cp26,4.79534,8.97196e-16,4.79534,4.79534,4.79534,4.79534,43.3095,50.4735,4.88481,250.625,-7.16403,93.783,0.089473
oname:obs.csv_otype:lst_usecol:obsval_obsnme:h_p0_cp27,4.85678,0,4.85678,4.85678,4.85678,4.85678,43.8438,50.8568,4.97759,244.049,-7.01302,94.7006,0.120808
oname:obs.csv_otype:lst_usecol:obsval_obsnme:h_p0_cp28,4.80311,8.97196e-16,4.80311,4.80311,4.80311,4.80311,43.3817,50.5655,4.89239,251.045,-7.18377,93.9473,0.0892826
oname:obs.csv_otype:lst_usecol:obsval_obsnme:h_p0_cp29,4.8671,0,4.8671,4.8671,4.8671,4.8671,43.9359,50.9772,4.98872,244.243,-7.04128,94.9131,0.121622
oname:obs.csv_otype:lst_usecol:obsval_obsnme:h_p0_cp3,4.79346,8.97196e-16,4.79346,4.79346,4.79346,4.79346,43.2293,49.9438,4.90308,242.461,-6.71452,93.1731,0.109618
oname:obs.csv_otype:lst_usecol:obsval_obsnme:h_p0_cp30,4.81139,8.97196e-16,4.81139,4.81139,4.81139,4.81139,43.4585,50.6625,4.9004,251.494,-7.20395,94.121,0.0890111
oname:obs.csv_otype:lst_usecol:obsval_obsnme:h_p0_cp31,4.87929,8.97196e-16,4.87929,4.87929,4.87929,4.87929,44.0401,51.1058,5.00152,244.446,-7.06577,95.1459,0.122236
oname:obs.csv_otype:lst_usecol:obsval_obsnme:h_p0_cp32,4.8202,0,4.8202,4.8202,4.8202,4.8202,43.5398,50.7644,4.90885,251.971,-7.22453,94.3042,0.0886501
oname:obs.csv_otype:lst_usecol:obsval_obsnme:h_p0_cp33,4.89409,8.97196e-16,4.89409,4.89409,4.89409,4.89409,44.1599,51.2436,5.01664,244.658,-7.08373,95.4035,0.122552
oname:obs.csv_otype:lst_usecol:obsval_obsnme:h_p0_cp34,4.82955,0,4.82955,4.82955,4.82955,4.82955,43.6257,50.8712,4.91774,252.48,-7.24549,94.497,0.0881948
oname:obs.csv_otype:lst_usecol:obsval_obsnme:h_p0_cp35,4.91207,0,4.91207,4.91207,4.91207,4.91207,44.2983,51.3913,5.03456,244.88,-7.09302,95.6896,0.122485
oname:obs.csv_otype:lst_usecol:obsval_obsnme:h_p0_cp36,4.83942,8.97196e-16,4.83942,4.83942,4.83942,4.83942,43.716,50.9831,4.92707,253.019,-7.26702,94.6991,0.0876483
oname:obs.csv_otype:lst_usecol:obsval_obsnme:h_p0_cp37,4.93008,0,4.93008,4.93008,4.93008,4.93008,44.4401,51.5456,5.05244,245.11,-7.10545,95.9857,0.122357
oname:obs.csv_otype:lst_usecol:obsval_obsnme:h_p0_cp38,4.84974,8.97196e-16,4.84974,4.84974,4.84974,4.84974,43.8102,51.0999,4.93676,253.59,-7.28967,94.91,0.0870246
oname:obs.csv_otype:lst_usecol:obsval_obsnme:h_p0_cp39,4.91857,8.97196e-16,4.91857,4.91857,4.91857,4.91857,44.4447,51.6749,5.04395,245.339,-7.23019,96.1196,0.125386
oname:obs.csv_otype:lst_usecol:obsval_obsnme:h_p0_cp4,4.73889,0,4.73889,4.73889,4.73889,4.73889,42.7791,49.7766,4.82787,247.544,-6.99757,92.5557,0.0889806
oname:obs.csv_otype:lst_usecol:obsval_obsnme:h_p0_cp40,4.86035,8.97196e-16,4.86035,4.86035,4.86035,4.86035,43.9069,51.2216,4.9467,254.193,-7.31472,95.1284,0.0863558
oname:obs.csv_otype:lst_usecol:obsval_obsnme:h_p0_cp41,4.90703,0,4.90703,4.90703,4.90703,4.90703,44.4527,51.8108,5.03534,245.575,-7.35806,96.2634,0.128305
oname:obs.csv_otype:lst_usecol:obsval_obsnme:h_p0_cp42,4.8709,0,4.8709,4.8709,4.8709,4.8709,44.0036,51.3483,4.9566,254.828,-7.34475,95.3519,0.0857052
oname:obs.csv_otype:lst_usecol:obsval_obsnme:h_p0_cp43,4.89861,8.97196e-16,4.89861,4.89861,4.89861,4.89861,44.4789,51.956,5.02934,245.818,-7.47707,96.4349,0.13074
oname:obs.csv_otype:lst_usecol:obsval_obsnme:h_p0_cp44,4.88082,0,4.88082,4.88082,4.88082,4.88082,44.0961,51.4802,4.966,255.494,-7.38415,95.5763,0.0851801
oname:obs.csv_otype:lst_usecol:obsval_obsnme:h_p0_cp45,4.89267,8.97196e-16,4.89267,4.89267,4.89267,4.89267,44.5204,52.1095,5.02539,246.067,-7.58912,96.63,0.132722
oname:obs.csv_otype:lst_usecol:obsval_obsnme:h_p0_cp46,4.88932,0,4.88932,4.88932,4.88932,4.88932,44.1786,51.6174,4.97425,256.191,-7.43882,95.796,0.0849246
oname:obs.csv_otype:lst_usecol:obsval_obsnme:h_p0_cp47,4.88844,8.97196e-16,4.88844,4.88844,4.88844,4.88844,44.5732,52.27,5.02274,246.322,-7.69673,96.8432,0.134304
oname:obs.csv_otype:lst_usecol:obsval_obsnme:h_p0_cp48,4.89588,8.97196e-16,4.89588,4.89588,4.89588,4.89588,44.2472,51.7599,4.98092,256.916,-7.51277,96.0071,0.0850407
oname:obs.csv_otype:lst_usecol:obsval_obsnme:h_p0_cp49,4.88537,8.97196e-16,4.88537,4.88537,4.88537,4.88537,44.6344,52.4359,5.02088,246.581,-7.80144,97.0703,0.13551
oname:obs.csv_otype:lst_usecol:obsval_obsnme:h_p0_cp5,4.79622,8.97196e-16,4.79622,4.79622,4.79622,4.79622,43.2567,49.9857,4.90647,242.54,-6.72902,93.2424,0.110248
oname:obs.csv_otype:lst_usecol:obsval_obsnme:h_p0_cp50,4.90105,8.97196e-16,4.90105,4.90105,4.90105,4.90105,44.3056,51.9071,4.98649,257.668,-7.60145,96.2127,0.0854335
oname:obs.csv_otype:lst_usecol:obsval_obsnme:h_p0_cp51,4.8831,8.97196e-16,4.8831,4.8831,4.8831,4.8831,44.7017,52.6057,5.01945,246.842,-7.90393,97.3074,0.136356
oname:obs.csv_otype:lst_usecol:obsval_obsnme:h_p0_cp52,4.90567,8.97196e-16,4.90567,4.90567,4.90567,4.90567,44.3594,52.0578,4.99164,258.444,-7.69839,96.4172,0.0859681
oname:obs.csv_otype:lst_usecol:obsval_obsnme:h_p0_cp53,4.88138,0,4.88138,4.88138,4.88138,4.88138,44.7731,52.7774,5.01824,247.104,-8.00428,97.5505,0.136858
oname:obs.csv_otype:lst_usecol:obsval_obsnme:h_p0_cp54,4.91034,8.97196e-16,4.91034,4.91034,4.91034,4.91034,44.4126,52.2112,4.99689,259.242,-7.7986,96.6238,0.0865477
oname:obs.csv_otype:lst_usecol:obsval_obsnme:h_p0_cp55,4.88003,8.97196e-16,4.88003,4.88003,4.88003,4.88003,44.8464,52.9484,5.01706,247.365,-8.10202,97.7948,0.137034
oname:obs.csv_otype:lst_usecol:obsval_obsnme:h_p0_cp56,4.91542,8.97196e-16,4.91542,4.91542,4.91542,4.91542,44.4675,52.3663,5.00254,260.056,-7.89886,96.8338,0.0871203
oname:obs.csv_otype:lst_usecol:obsval_obsnme:h_p0_cp57,4.87888,8.97196e-16,4.87888,4.87888,4.87888,4.87888,44.9191,53.1152,5.0158,247.624,-8.19615,98.0343,0.136916
oname:obs.csv_otype:lst_usecol:obsval_obsnme:h_p0_cp58,4.92108,0,4.92108,4.92108,4.92108,4.92108,44.5248,52.5221,5.00875,260.881,-7.99723,97.0469,0.0876638
oname:obs.csv_otype:lst_usecol:obsval_obsnme:h_p0_cp59,4.87782,8.97196e-16,4.87782,4.87782,4.87782,4.87782,44.988,53.2733,5.01437,247.877,-8.2852,98.2613,0.136553
oname:obs.csv_otype:lst_usecol:obsval_obsnme:h_p0_cp6,4.74202,8.97196e-16,4.74202,4.74202,4.74202,4.74202,42.8087,49.8165,4.83111,247.721,-7.00781,92.6252,0.0890826
oname:obs.csv_otype:lst_usecol:obsval_obsnme:h_p0_cp60,4.92737,0,4.92737,4.92737,4.92737,4.92737,44.5848,52.6773,5.01554,261.711,-8.09251,97.2622,0.0881711
oname:obs.csv_otype:lst_usecol:obsval_obsnme:h_p0_cp61,4.87669,8.97196e-16,4.87669,4.87669,4.87669,4.87669,45.0499,53.4172,5.0127,248.123,-8.36727,98.4671,0.136004
oname:obs.csv_otype:lst_usecol:obsval_obsnme:h_p0_cp62,4.93418,0,4.93418,4.93418,4.93418,4.93418,44.6468,52.8308,5.02282,262.538,-8.18401,97.4776,0.0886387
oname:obs.csv_otype:lst_usecol:obsval_obsnme:h_p0_cp63,4.8754,0,4.8754,4.8754,4.8754,4.8754,45.1011,53.5414,5.01073,248.359,-8.44028,98.6425,0.13533
oname:obs.csv_otype:lst_usecol:obsval_obsnme:h_p0_cp64,4.94127,8.97196e-16,4.94127,4.94127,4.94127,4.94127,44.7095,52.9809,5.03033,263.353,-8.27146,97.6904,0.0890552
oname:obs.csv_otype:lst_usecol:obsval_obsnme:h_p0_cp65,4.87383,8.97196e-16,4.87383,4.87383,4.87383,4.87383,45.1387,53.6412,5.00842,248.582,-8.50251,98.78,0.13459
oname:obs.csv_otype:lst_usecol:obsval_obsnme:h_p0_cp66,4.94813,0,4.94813,4.94813,4.94813,4.94813,44.7708,53.126,5.03752,264.145,-8.35523,97.8969,0.0893884
oname:obs.csv_otype:lst_usecol:obsval_obsnme:h_p0_cp67,4.87197,8.97196e-16,4.87197,4.87197,4.87197,4.87197,45.1615,53.7147,5.0058,248.792,-8.55317,98.8763,0.133832
oname:obs.csv_otype:lst_usecol:obsval_obsnme:h_p0_cp68,4.9539,8.97196e-16,4.9539,4.9539,4.9539,4.9539,44.8277,53.2643,5.04347,264.902,-8.43654,98.092,0.0895719
oname:obs.csv_otype:lst_usecol:obsval_obsnme:h_p0_cp69,4.86984,8.97196e-16,4.86984,4.86984,4.86984,4.86984,45.1705,53.7633,5.00293,248.986,-8.5928,98.9339,0.133088
oname:obs.csv_otype:lst_usecol:obsval_obsnme:h_p0_cp7,4.79935,8.97196e-16,4.79935,4.79935,4.79935,4.79935,43.2877,50.0335,4.91031,242.629,-6.74586,93.3212,0.110967
oname:obs.csv_otype:lst_usecol:obsval_obsnme:h_p0_cp70,4.95744,8.97196e-16,4.95744,4.95744,4.95744,4.95744,44.8762,53.3936,5.04695,265.614,-8.51732,98.2698,0.0895095
oname:obs.csv_otype:lst_usecol:obsval_obsnme:h_p0_cp71,4.86753,8.97196e-16,4.86753,4.86753,4.86753,4.86753,45.1683,53.7912,4.99991,249.164,-8.62294,98.9594,0.132377
oname:obs.csv_otype:lst_usecol:obsval_obsnme:h_p0_cp72,4.95797,8.97196e-16,4.95797,4.95797,4.95797,4.95797,44.9134,53.5121,5.04711,266.267,-8.59866,98.4255,0.0891381
oname:obs.csv_otype:lst_usecol:obsval_obsnme:h_p0_cp73,4.86515,8.97196e-16,4.86515,4.86515,4.86515,4.86515,45.158,53.8035,4.99686,249.326,-8.64549,98.9615,0.131709
oname:obs.csv_otype:lst_usecol:obsval_obsnme:h_p0_cp74,4.95624,8.97196e-16,4.95624,4.95624,4.95624,4.95624,44.9409,53.6185,5.04479,266.854,-8.67766,98.5594,0.0885554
oname:obs.csv_otype:lst_usecol:obsval_obsnme:h_p0_cp75,4.8628,8.97196e-16,4.8628,4.8628,4.8628,4.8628,45.1429,53.8051,4.99389,249.471,-8.66228,98.948,0.131092
oname:obs.csv_otype:lst_usecol:obsval_obsnme:h_p0_cp76,4.95335,8.97196e-16,4.95335,4.95335,4.95335,4.95335,44.9612,53.712,5.04125,267.368,-8.75071,98.6732,0.0878909
oname:obs.csv_otype:lst_usecol:obsval_obsnme:h_p0_cp77,4.86058,8.97196e-16,4.86058,4.86058,4.86058,4.86058,45.1255,53.8003,4.99111,249.599,-8.67481,98.9258,0.130535
oname:obs.csv_otype:lst_usecol:obsval_obsnme:h_p0_cp78,4.95016,0,4.95016,4.95016,4.95016,4.95016,44.9766,53.7918,5.0374,267.807,-8.81515,98.7684,0.0872419
oname:obs.csv_otype:lst_usecol:obsval_obsnme:h_p0_cp79,4.85856,0,4.85856,4.85856,4.85856,4.85856,45.1079,53.7921,4.9886,249.711,-8.68418,98.9,0.130045
oname:obs.csv_otype:lst_usecol:obsval_obsnme:h_p0_cp8,4.74555,8.97196e-16,4.74555,4.74555,4.74555,4.74555,42.8419,49.8611,4.83474,247.918,-7.01919,92.703,0.0891896
oname:obs.csv_otype:lst_usecol:obsval_obsnme:h_p0_cp80,4.73552,0,4.73552,4.73552,4.73552,4.73552,42.7458,49.726,4.82438,247.338,-6.98016,92.4719,0.0888561
oname:obs.csv_otype:lst_usecol:obsval_obsnme:h_p0_cp81,4.95536,0,4.95536,4.95536,4.95536,4.95536,45.0405,53.9123,5.04275,268.445,-8.87181,98.9529,0.0873883
oname:obs.csv_otype:lst_usecol:obsval_obsnme:h_p0_cp82,4.73757,0,4.73757,4.73757,4.73757,4.73757,42.7635,49.743,4.82649,247.439,-6.97952,92.5066,0.08892
oname:obs.csv_otype:lst_usecol:obsval_obsnme:h_p0_cp83,4.9606,0,4.9606,4.9606,4.9606,4.9606,45.1137,54.0558,5.04805,269.206,-8.94201,99.1695,0.08745
oname:obs.csv_otype:lst_usecol:obsval_obsnme:h_p0_cp84,4.73992,8.97196e-16,4.73992,4.73992,4.73992,4.73992,42.7837,49.7625,4.82891,247.555,-6.97872,92.5462,0.0889885
oname:obs.csv_otype:lst_usecol:obsval_obsnme:h_p0_cp85,4.96504,8.97196e-16,4.96504,4.96504,4.96504,4.96504,45.1946,54.2237,5.05236,270.1,-9.02909,99.4183,0.0873231
oname:obs.csv_otype:lst_usecol:obsval_obsnme:h_p0_cp86,4.74257,8.97196e-16,4.74257,4.74257,4.74257,4.74257,42.8065,49.7843,4.83163,247.686,-6.97772,92.5908,0.0890565
oname:obs.csv_otype:lst_usecol:obsval_obsnme:h_p0_cp87,4.9676,8.97196e-16,4.9676,4.9676,4.9676,4.9676,45.281,54.4186,5.05446,271.144,-9.13762,99.6996,0.086866
oname:obs.csv_otype:lst_usecol:obsval_obsnme:h_p0_cp88,4.74552,8.97196e-16,4.74552,4.74552,4.74552,4.74552,42.8319,49.8084,4.83464,247.831,-6.97648,92.6402,0.0891162
oname:obs.csv_otype:lst_usecol:obsval_obsnme:h_p0_cp89,4.96753,0,4.96753,4.96753,4.96753,4.96753,45.3723,54.6443,5.05349,272.36,-9.27204,100.017,0.0859606
oname:obs.csv_otype:lst_usecol:obsval_obsnme:h_p0_cp9,4.80283,8.97196e-16,4.80283,4.80283,4.80283,4.80283,43.3223,50.0874,4.9146,242.729,-6.76504,93.4097,0.111767
oname:obs.csv_otype:lst_usecol:obsval_obsnme:h_p0_cp90,4.74877,8.97196e-16,4.74877,4.74877,4.74877,4.74877,42.8598,49.8348,4.83793,247.991,-6.97497,92.6945,0.0891596
oname:obs.csv_otype:lst_usecol:obsval_obsnme:h_p0_cp91,4.96568,8.97196e-16,4.96568,4.96568,4.96568,4.96568,45.4731,54.907,5.05031,273.787,-9.43384,100.38,0.084635
oname:obs.csv_otype:lst_usecol:obsval_obsnme:h_p0_cp92,4.75232,8.97196e-16,4.75232,4.75232,4.75232,4.75232,42.8902,49.8634,4.8415,248.164,-6.97313,92.7536,0.0891816
oname:obs.csv_otype:lst_usecol:obsval_obsnme:h_p0_cp93,4.96328,8.97196e-16,4.96328,4.96328,4.96328,4.96328,45.5905,55.216,5.04621,275.484,-9.62556,100.806,0.0829252
oname:obs.csv_otype:lst_usecol:obsval_obsnme:h_p0_cp94,4.75616,8.97196e-16,4.75616,4.75616,4.75616,4.75616,42.9232,49.8941,4.84534,248.351,-6.97088,92.8173,0.0891799
oname:obs.csv_otype:lst_usecol:obsval_obsnme:h_p0_cp95,4.96136,0,4.96136,4.96136,4.96136,4.96136,45.7328,55.5866,5.04215,277.547,-9.8538,101.319,0.0807926
oname:obs.csv_otype:lst_usecol:obsval_obsnme:h_p0_cp96,4.7603,8.97196e-16,4.7603,4.7603,4.7603,4.7603,42.9587,49.9268,4.84945,248.549,-6.96813,92.8854,0.0891538
oname:obs.csv_otype:lst_usecol:obsval_obsnme:h_p0_cp97,4.96071,0,4.96071,4.96071,4.96071,4.96071,45.9115,56.043,5.0388,280.127,-10.1316,101.955,0.0780902
oname:obs.csv_otype:lst_usecol:obsval_obsnme:h_p0_cp98,4.76471,8.97196e-16,4.76471,4.76471,4.76471,4.76471,42.9964,49.9611,4.85381,248.756,-6.96473,92.9575,0.0891034
oname:obs.csv_otype:lst_usecol:obsval_obsnme:h_p0_cp99,4.96205,8.97196e-16,4.96205,4.96205,4.96205,4.96205,46.1417,56.6215,5.0366,283.451,-10.4797,102.763,0.0745523
