SP,SIReN_r81_c42,SIReN_r66_c34,SIReN_r35_c60,SIReN_r77_c56,SIReN_r58_c51,SIReN_r45_c36,SIReN_r70_c35,SIReN_r37_c40,SIReN_r39_c54,SIReN_r74_c58,SIReN_r54_c37,SIReN_r49_c31,SIReN_r71_c61,SIReN_r67_c31,SIReN_r59_c44,SIReN_r72_c42,SIReN_r68_c53,SIReN_r73_c62,SIReN_r58_c37,SIReN_r35_c36
0,1176.269431506929,2.3419963600349186e-175,882.7773296314551,640.1619406152874,4.866366065295225,156.16188165021998,1760.80781078,321.3597731503555,289.6757068017023,869.3910615122381,201.44756487122112,309.78540499168986,20.63241012617696,1842.782635943284,13.794812261170756,18849.77710980937,108.85780795512638,297.6653469715056,7.191588840035691e-45,940.2522058937948
1,1127.1102529050802,3.159556834807505e-196,834.1111571930678,695.7930293013742,4.160792998451296,152.17183491896623,1703.3488576946197,320.9944767683686,322.03767812780313,862.8591632023127,196.65516326200918,299.64743851502453,13.573012273891377,1759.3512170411786,121.46059611667873,114936.91536276523,261.42689813668204,285.4720003959026,1.4349597390420136e-42,909.2946838699422
2,1093.53270982977,1.697961965951937e-218,788.4647477635078,863.140478139588,3.507068027525953,160.09624247277407,1685.9471308188638,390.2875842867772,512.8069959831569,855.9699576773581,191.37003847581218,290.3290452381858,11.418177352111321,1675.8461527777545,318.23141869005974,263983.2318405002,683.8875932764092,239.70587854290693,1.4251999649885337e-40,877.84323959505
3,1075.225918353821,1.5468492046770208e-242,746.0192583314927,1108.6295520269477,2.905852440417292,190.58293459440426,1711.3497930605852,593.9359796814534,992.0569424713959,848.3861340033798,185.61678238229885,281.8774901387201,11.535158937512495,1592.375962689059,7.466064219897201,227389.42883514756,1167.0655725240574,176.17519006009124,9.273142842376672e-39,845.9333274019638
4,1058.434858371263,3.0915477026777687e-269,706.8642213361377,1289.8705349040858,2.360108370265344,248.3351872981506,1751.6912368444055,951.592091818739,1781.1404373835367,839.4691701641062,179.42014693213224,239.14363705336518,13.537676545942954,1508.8956343213817,805.649580267747,85047.55550850218,945.8342008475507,147.91398272834786,4.381729808814881e-37,813.591180312222
5,1020.8125767978589,1.8052288613504438e-302,670.9867463292477,1280.117316720377,1.8734301924370393,326.74058634768494,1769.6930980191848,1390.7897070730248,2676.065013160329,828.7599459873858,172.81641813074415,140.5958712245907,18.247198945391915,1425.222642087318,134.65727936806792,241395.42467255204,773.5479795321028,141.32809725351774,1.5849043679856495e-35,780.8435900584674
6,949.3883652026935,1e-322,638.2693364142152,1084.1020790478733,1.4448170050816371,412.814394492825,1742.8376416566134,1742.1642099757753,3368.828906817,816.1228055365732,165.84561655598142,156.24037654370275,27.887732158231096,1341.0380260441755,1003.6923532172812,50412.48403749921,3254.9777124946872,144.74130293994216,4.4760228101767555e-34,747.7320510579306
7,857.5308597555784,1.023e-321,608.5084611943001,797.006602852542,1.0747752447319876,496.7646840149011,1674.254915672035,1857.922570106698,3571.7772605620858,801.575229754183,158.54810574727878,230.06101488039906,42.92992508730516,1255.9075314221402,1924.3287959538636,298053.4807269025,5046.05133000687,158.59498744016201,9.508318185441774e-33,714.3119397322965
8,768.1706831252625,3.6e-322,581.4062410988134,499.3957438323768,0.7629366159378849,575.129116837475,1591.4308677735585,1667.0170217739108,3148.5302612478904,785.2025300181292,150.96987530192962,251.03908122833354,58.61565105682221,1169.3230711482033,1195.7433883096548,51293.786384577936,4871.114756894577,186.18442484746546,1.1957940607977185e-31,680.6429273471553
9,686.1053773197578,2.08e-322,556.6121719575854,813.9989837775245,0.5078508660612113,649.1550534700657,1520.7956688805793,1189.7330543619742,2163.228776815411,767.2594175781527,143.15853923974225,246.88833228097673,72.10095856033749,1080.7143770772009,1871.0605039292436,182772.90433023614,2803.399487879498,238.55336846793182,1.2666201313495577e-30,646.797513636635
10,602.6748330298575,5.83e-322,446.73561321105694,1186.6906873238825,0.3077840695481377,717.8318936018418,1477.730632144964,528.8920454943869,754.5845197447885,748.1413221286846,135.16272514872782,242.52893716537378,83.53956304586217,740.5661819100277,15886.933307244602,76641.86934094358,89.15356306262383,307.92385049347735,1.5321781164925996e-28,612.8569499762956
11,514.651847567128,5e-324,273.61336380297087,1572.655743015027,0.16134700727145268,771.2831925003211,1461.0674453915756,415.5616869754638,994.936138630747,728.18259677968,127.0385812723684,238.11410116602002,90.37908269943034,7.437754639041618,4705.312157111061,18663.231143154586,2132.5646710693013,388.44512799885956,6.95503176644581e-27,578.9125958943379
12,426.5625843238352,2.67e-322,191.97187279968168,1852.6049716449731,0.06845474632366419,794.3680085379171,1455.6042072526527,1104.8908850936912,2602.158748172538,707.4403425256577,118.8393207514648,233.44674055447246,97.01162516492323,3.9444295188693114e-05,41974.07808500712,26116.99422324288,3352.6521352906025,444.1425657996532,2.4957543741406522e-25,545.0743680841334
13,345.2027557856304,2e-323,211.46418841771512,1897.867384297741,0.024060080154713042,780.655487960341,1422.3587422309736,1719.3953261943705,4085.2982033033973,685.6825429670145,110.62208836947569,228.33661774232817,114.07969127117588,2.3560171881778903e-14,4007.601205750388,10774.210939087227,3787.004806691338,465.7230133214687,7.992040083302719e-24,511.47008738862826
14,274.8789703171039,6.4e-323,311.5604146811769,1654.05011475513,0.018159266627150564,748.1532822274196,1330.0885025119633,2228.0850730538323,5372.407483529896,662.6391344657072,102.44922767246008,222.66995204720436,172.11065973300882,2.786616768061458e-28,5790.1086958446285,3712.5001405829444,3775.05668237669,476.94850282432895,2.378008538279988e-22,478.2120770018006
15,15.666516387853136,2.5e-323,368.05397323960267,1151.8348886424535,0.008420112091379658,742.2770818513383,1185.1469325814587,2614.5595532146713,6377.95849280278,638.3103230033706,94.3894124641355,216.2141100387848,269.22691443734215,8.798497275352089e-48,49075.724389517425,7138.369958099602,3615.98272528129,483.686330905059,6.6869962145231146e-21,445.353036386633
16,0.0031359435654425213,1.24e-322,391.55098682028347,451.56469862947824,0.14229204812084004,824.5435279723907,1024.3494140868263,2872.341106500848,7001.118130104431,612.975854857951,86.52593866435195,208.82612658182413,350.7304946057474,5.2454810288946455e-74,20108.002886176426,109.18447086478993,3461.5376986622537,488.587380393156,1.8037782426944657e-19,412.88751891807095
17,8.087357949403054e-09,1e-322,395.96249658699884,983.8893725393102,2.068264277525758,1046.3554409832593,897.0171074294013,3005.8691460278374,5367.282392537516,586.6676324472857,78.95736253721557,200.38911591347423,383.8454784679565,9.595490260452273e-109,28926.50293049864,7729.768817278308,3288.7444053497384,488.6646610902589,4.7544267514799396e-18,380.844762597775
18,7.974215365646859e-16,1.09e-321,381.74463506468675,1763.5270882213204,11.973705246912816,1421.8679438952072,846.1301215653989,3010.8622831350867,1382.5266720518816,559.097106404806,71.78463924178315,190.8689423912492,396.3498949433586,1.6104956815152124e-155,272656.03022866993,5918.901134178294,2961.1522333623975,483.9815310516169,1.245672015276337e-16,349.37066740275475
19,7.827857358404586e-24,1e-323,363.6294776481027,2364.6422969913297,36.26032019528138,1905.5497495163856,894.2333934767263,2812.956212213626,24.825349046413336,530.1742262036277,65.04719068154829,180.19424088292854,402.0442823084222,2.2473103190681e-223,209798.7175750281,8915.129162644398,2335.9224169473882,477.0605607274914,3.251850431445214e-15,318.65580298721454
20,1.940456034951193e-32,5.73e-322,345.44846757044303,2646.95947762741,46.17380010937405,2376.0882778189393,1032.124081280084,1833.622742496846,0.5053022948466096,500.4368502931748,58.568009001538805,168.30147638333332,403.95084818083535,2.7e-322,165069.59282958708,32677.556445178077,1377.9170779572623,465.45487724841985,8.200491018051655e-14,288.57793291947684
21,2.9696881049635625e-41,3.8e-322,327.2358175728156,2597.2229625427794,48.73607481407825,2672.2355408613275,1208.0336607799254,859.7638843557188,0.013166654468417902,470.61284252771503,51.69965709309274,155.2255232734347,402.9223145429895,5e-323,233631.87088295977,29235.108723907113,234.53684837532776,438.93339164183675,1.8553033776578504e-12,259.469254407751
22,5.881364173006924e-50,3.5e-323,309.02590680893155,2348.800302591036,157.89672814494287,2706.0862539826576,1331.3578886634095,281.2397793398639,0.0006264504348144199,440.8600864750132,44.600687356656536,141.0634948689715,399.0214149885756,4.05e-322,112295.16711294172,44956.4222262999,807.6675318117633,407.16702273759495,3.274090106340871e-11,237.07216228730266
23,1.5977024755567573e-58,8.8e-322,290.8910124023351,2091.577413228632,693.9598039107041,2537.1881021871172,1313.353901481048,22.96276214244992,0.0008898334935285849,410.9035718276588,46.5418945264296,125.81455196993096,393.3415090998099,6.7e-322,211655.15889007738,104772.73409073625,1447.511838857879,385.15796082173426,2.714843717562263e-10,220.23839311406877
24,7.742089065628193e-76,7.2e-322,272.9781453085497,1930.8006262913098,4646.611136540329,2353.7482452268428,1141.2867262123739,60.424384201489886,0.0009215912418506242,380.5782118173315,61.84172356057787,109.66133485637343,385.8661591802268,1e-322,194000.58248965428,6434.4997328847085,1689.22762802005,373.8268654487881,7.843746368353323e-09,207.91074111685137
25,4.159884961998222e-83,1.917788557418138e-306,255.41848556121246,1831.8737639946671,13664.81944042193,2352.9412860631824,878.9640532942533,68.7230165286141,0.001357595427760045,349.95143095647416,112.02535618267885,92.74298551218448,376.54885124151804,2.08e-322,463205.1619326985,207848.57416131112,1776.9252587591072,374.2084332458998,4.3462135018543154e-07,195.67512594223572
26,1.626415567589778e-87,4.105803534690627e-277,238.38203117314063,1703.888871407791,28141.463980299915,2545.6917279548793,389.25328808582566,49.95951029303712,0.0028876592856425846,319.22795218882715,252.13095520456125,75.2526978064912,365.2690963528132,5e-324,111544.6794109132,307943.80473709153,1713.7280146358419,390.3560586263028,1.1650981952611078e-05,177.20190817094007
27,3.432946595140614e-89,3.9981548415521227e-249,222.06289805655058,1514.9829094012518,44325.58547972186,2303.6370426690883,54.9037699497169,30.42071093816941,0.00833818625157258,288.7247695241136,595.3420976477964,22.903619576934503,351.8511344002053,5.24e-322,498189.6779321033,308070.63488115784,444.1544672892125,417.6963087754905,0.00021585345248061673,146.92191457258636
28,1.728372837297387e-88,2.876074912029533e-222,206.58893525885955,1325.873977597599,40713.59658800778,1712.6796180101364,18.608273432810073,25.915286570704463,0.02994099541116551,258.75043415805345,1323.917379800206,3.5291783057895265,336.11398156933876,5e-324,626233.7444745294,139447.98612579738,4496.674539080293,435.72078370855144,0.003013572919679662,103.69346698579712
29,1.0314079830463215e-85,1.6116601740852647e-196,192.12397648253673,1228.9323222307223,29188.247566313268,1468.166835661453,10.023206144170363,29.230677782904703,0.12002382281392507,232.18634654001988,2684.9494152401994,0.0007031566404673181,317.91704920322604,2.9e-322,222392.50425863027,112231.44827490904,15820.021845305258,437.1572819038741,0.03322694760140409,108.90031637148371
30,3.2580936442831975e-81,5.556228103111201e-172,178.69954730426375,1244.599341837597,179971.3485743503,1422.8691249984347,5.035003569626315,41.24521725405538,0.46555861841085594,210.61799601677308,5041.466828097137,3.743677284118445e-08,297.1035718403007,2.1e-322,202949.1563451178,97836.0827252432,33458.431091594786,433.1147349650202,0.2971750413259564,119.54612176147916
31,1.982515581210087e-75,7.622517844357925e-149,166.3576951920376,1281.7639924986877,308259.2138885579,1510.8235103561806,2.0001653385176126,69.62012961392759,1.336919573531723,189.96764209652062,9090.725868084965,1.7642569036306391e-12,273.63833351332386,2e-323,480281.19509341667,517041.01868432685,55194.62819235448,428.14195843759956,2.1675232903471793,99.749101038859
32,6.836456754569128e-70,2.2671339675875674e-127,154.99034099511871,1245.194580883637,237863.0890862767,1684.4704574706434,0.4321321459969318,138.25683700935576,0.3326314130502767,169.89772330241848,16160.656830343412,1.1228478310678754e-16,247.63353819847126,4.64e-322,179691.8629727914,171891.64087076523,82108.45213020414,429.7501595105464,12.802268320733477,61.08136321379141
33,1.2949143289027252e-60,5.17894614217666e-108,144.47594673520985,1173.4996066760607,92301.1180471111,1879.6182415330147,6.11978732024685e-05,327.48378812559747,37.49596921856163,150.16177577030948,28142.22820110081,1.4854319120463548e-20,219.2614358872181,4.4e-322,435578.7433193764,380489.86232810735,117443.92875248633,442.1243440193534,60.8352328665837,177.4966997664391
34,2.6300454587840565e-52,1.0387232096040939e-88,134.57530728778266,1211.6916142965636,487166.7048675569,2008.361974929314,5.034377201846825e-05,919.4626592973401,286.117424397444,131.02193818267438,46756.57442522007,6.2125154719895676e-24,188.18622512860773,5e-324,221025.6496207486,21554.827644306893,167545.59955008188,459.4673861188206,232.5391358897836,323.76154177779534
35,3.110353677391439e-44,7.373363985597129e-72,125.02932871021248,1445.7792367005204,528339.2567121447,1929.294376997682,2.553122381738687e-05,2828.509323801333,1321.38071782061,112.87642094475018,72626.55192898655,1.1792389004118048e-26,95.03327396663525,5e-324,556528.1558904496,247716.73984759685,238638.30687129975,482.38782750168997,723.6170155198713,444.2972881595554
36,1.0414191062338037e-36,5.44380800253769e-57,115.56616432163418,1784.9303110566493,136301.9465884331,1363.287311751132,0.0015713807205523244,8563.221443828234,4213.541267629287,95.71994870369363,104822.05309054088,1.204355064697131e-28,7.951137999093379,8e-323,1573064.5227358348,621621.017343977,326957.6748730094,507.98585273782373,1938.4934536315286,494.492888233915
37,7.097521204160882e-31,3.9037539343781675e-44,105.90844676032063,1980.5267396236684,1296981.5844006827,159.47537619392455,0.02367403806224864,23673.389645911946,9492.469070206937,79.39299797195213,140906.66271433822,2.2244944436663413e-30,0.9487265420122695,4.5e-322,279580.9579335223,1229546.736323138,407363.0940864414,521.7932997754413,4978.444750597638,461.2049547318294
38,1.7748666671554826e-23,2.156293679770122e-33,95.84712654869206,1753.739667247146,2023908.4725842297,3148.9347794634805,0.2658005417123561,57634.91038149032,14694.431857123267,64.06695171577825,177429.20543056825,8.803868823096609e-39,0.2908947928063347,1.5e-323,2269317.679010381,676687.7942282604,432866.31534876395,509.0981454979038,12750.787159750715,364.68474430236733
39,3.849182380338165e-17,8.265940794339122e-25,85.26529612337261,958.7138361276194,1366528.4049300973,7851.706136471838,2.0714913436871747,122108.09458377778,13265.74682686066,49.5967055625766,211265.95861142964,8.000625298070606e-36,0.07922020116336875,7.4e-322,485486.1853242032,430528.8635804222,355130.5151149827,476.56507460624096,30398.30227584396,250.08268361003903
40,9.053409518412233e-12,1.2805578939575273e-16,74.14060015588261,312.50778025831164,600859.1569791529,14139.495387831883,10.098379835396898,226079.80592964264,1968.371753197302,34.84035385567057,241594.99997397893,6.135826055014123e-32,0.008390928344850222,1.33e-321,260766.88144037215,971728.4972386262,158238.70170840438,432.160071093287,63847.45653229499,167.09838229835788
41,1.305627239036297e-07,1.4406304692924765e-10,62.598186996906165,1683.3417340096025,2569377.3468908677,21727.27959921287,29.37513426812178,372138.97770420247,33859.985956386445,22.723171607264,270612.7334326048,2.2857877307692478e-27,2.3681178899322926e-19,2.984126015231056e-264,867936.9395070409,951347.1945389517,120136.14780890313,380.73848508192816,117464.41235016253,139.0742231877511
42,0.00017210255414208117,5.008397418303389e-06,50.918528440837456,2754.651152198833,2980373.200847105,30406.61764981501,52.77621551921348,558823.1831366278,80975.20201607673,26.743107384424825,301974.35294012335,1.9280849192007563e-22,9.745294795265948e-22,2.584646754270728e-184,1237427.4789775359,311330.02866544685,401538.1306914079,325.5216039115492,193215.23327833164,150.3752647270813
43,0.026616909718978156,0.009581180737902165,39.5034732804309,3251.6194170225754,1229090.3946247182,40165.28572204181,57.63254920493592,787262.3643676747,142324.85777593043,33.816796617016884,339300.183146042,1.1906620219444968e-17,2.698540081736913e-22,7.484157268222232e-126,5079628.664711282,294362.32602769823,607565.1207606476,268.1224250112294,292815.40965707425,169.11721337173375
44,0.6815423615828242,1.615041977477583,28.860042418877192,3026.456416669835,2015438.5534375561,51575.333248907824,10.393637822741473,1067820.5344168954,221532.0811903962,42.12291090220954,387203.47913407005,9.153699879803546e-14,6.26357845911905e-21,2.3506872310392668e-82,2090921.7701911726,545512.3087490767,700623.8962596486,210.79709962784028,419525.0209679636,164.57354810313072
45,5.0464656784972295,40.459306132333026,19.537980929392834,1811.6906520781554,5302025.763587193,66837.69641870956,263.27112051880135,1427901.7519432944,329782.8372719332,50.604085951131886,453915.685927889,7.76700474462931e-09,6.600943348492127e-18,1.100710951965805e-50,6452581.224686091,2308958.1258931626,702483.5271803965,156.23092740023708,579720.3809801064,64.7704886833753
46,22.369757477338577,265.44256324237676,12.026926293077645,1024.3964291871214,6824453.745954673,92171.79507395315,881.2039961897306,1926867.1998265544,494144.4552433056,59.20438981230635,551606.4209304733,1.687098109666309e-05,7.029129316439188e-14,9.198600010868971e-29,1148315.0604484398,3106706.994665799,691518.0438721887,107.23091421321186,788266.7597833831,370.2045137471511
47,89.43926965383653,787.1538160554965,6.6589645657981835,6889.387561589727,4659992.9705811525,144746.666721111,2302.907530098053,2693442.660604324,787553.622977456,69.11530383745897,689844.1227314629,0.0032955114643718423,7.64021522233526e-10,6.9702669508587825e-15,127339869929616.42,26475177.508934896,805723.796876837,66.32333794011174,1072661.4881586146,1811.432331636141
48,342.1986651689018,1707.0368345915895,3.521592522675324,19682.14013193915,2268988.467237826,277933.8946097593,6000.493014627592,4038803.9262489495,1444937.41232818,84.45499627406151,862962.7911825755,0.09115581773587327,1.7194080841774486e-06,9.045163861111303e-09,90659568195155.8,81711909071944.58,1348449.474607265,35.3108111533956,1481780.2752991172,6193.774429816882
49,1398.5041466819275,4003.239306487789,2.548578309042509,54460.425885809134,2581369.057844357,706717.1059179826,18414.959706767873,6809130.875515249,3462987.9914614907,119.93677612223607,1060354.8326117257,0.623427801035563,0.00026904134354400073,0.0021972035532853568,81207082306129.98,20869357867823.477,3397345.6194446026,14.844097112529692,2156637.227840587,21119.023563643994
50,7680.331425050695,13755.512453236432,4.755258202047256,204933.2173025177,87982.72016843798,2804871.2301509767,85061.76382016309,12691438.767566493,13523092.420637408,245.79832407915328,1611659.3869156274,2.021580875644179,0.010012056471458032,0.07434750789615056,5e-324,5.5482344362475846e-241,40924734.16369943,4.07194916539114,3519085.7989010746,94074.18258683877
51,92232.19127639513,106131.08095135188,26.205424436116203,1887001.0586972204,500204255148498.4,1035936634227.0596,966813.704872429,647413.518480185,452325781.8733603,1198.9896952423533,55947300.27498057,6.978731712610551,0.1692168702112065,1.43539098200826,500205648785329.56,500205648785276.2,93873670.77076645,0.44371575601818686,8186815.645267924,861217.0398128896
