SP,0,1,2,3,4,5,6,7,8,9,10,11,12,13,14,15,16,17,18,19,20,21,22,23,24,25,26,27,28,29,30,31,32,33,34,35,36,37,38,39
0,82.23920721373877,379.4909316193632,118.71490455031346,159.20863899550545,608.69463491211,15.601938254762109,269.2400676590955,9.848352986863127,20.19555247826038,21.723684311195075,24.39837255121702,25.43859215339624,3.4197382387872706,3.1096554670348926,598.0922942625801,2.2984860426496727,26.60476914957888,9.146170906282547,10.001416010220218,5.955963482846949,4.207570362695694,3.947213382502344,134.52589572385216,5.257359418815841,480.9693555742394,159.04903813897093,16.01890885354747,1397.6302906617889,12.220904270806306,66.57702647914547,1282.104201440738,230.11687268257984,302.9647747644802,5.366383342943743,19.282118908470665,738.1528644058745,22.69337261544291,433.50877052085764,4.967564370107011,98.17679870549141
1,21.346126199670024,263.5346693411915,69.03848451776088,106.28322888756757,0.8300259364344228,2.0076237091576616,171.89403601434196,32.97977351478031,17.832323117661463,1.289759122044191,10.036439587315073,25.137243341635735,3.692817070353812,2.133064181293972,9.80004414390853,5.07916121077142,23.1003431143052,3.430845184027992,3.071793231236796,10.6189193927704,10.862599896859239,2.764235144249193,64.37933764555892,19.81342518642402,302.2947571449384,140.3489863994964,13.416369660815556,119.16548680837818,0.1452074883233954,7.981578544328854,1.677204217327754,33.62755059363981,66.77642535862063,13.56683365262299,2.949880559921013,4.672198365381117,11.721869750843418,109.92268952959138,9.339063344475232,46.095014399248576
2,21.430664296199936,32.205868928152086,13.877545119653437,5.07072516075948,7.056388528184476,6.3552744507308345,84.18762328079144,35.54543368310088,24.061832916013554,22.820104094992814,23.32555585804735,24.84446241439182,0.4186039507315749,3.1069964022143526,24.236374637413963,7.527536920343276,18.652066284847045,16.476123621381436,8.434690925949312,0.8570969592223201,8.050118069303652,10.199944278959663,2.0306208978885154,25.526171092794936,88.92814712403344,74.83974162179676,0.10057721579771335,64.17693681524051,6.4848016348588535,24.02662637105827,23.247971102114334,11.164767722077215,67.18904789554858,8.848875860907308,1.0068334904126992,0.6093346279688465,5.9560861652508335,6.357505362196077,9.456729374890747,24.95624461175793
3,46.69345867141693,12.909639537538572,1.9241160031910023,17.999755274874435,4.121847525319376,1.3457898833030062,62.552488981144876,16.314337837487827,17.059202215624836,19.223959148028346,7.30153774398064,3.43684728370085,3.272731893894931,1.6571178954360417,5.369682952806439,10.673200650559329,7.9761103417257875,7.9025524823508935,0.3222836318713706,0.7407145311698135,0.4237457157368879,10.901158056436882,23.583369589923674,21.278354987518853,29.536824200691548,42.597167318542404,13.609294725308544,6.063003757229719,22.608769400878018,43.20063167639845,5.282093318031491,0.8249496778267643,40.519789597775436,9.622085158895512,2.908404362035067,9.2337971988392,2.8780906541660207,14.037623241926388,2.8688553960451517,20.70452847316043
4,4.789382207535581,46.63084167356421,24.022606060670512,9.162810824021538,0.893423272185597,2.9995421021424384,13.761911708973392,33.51901223975528,22.225024851680857,22.508978341173854,0.2499743298251184,10.008611888729638,2.1157865087699017,2.2289701231093093,3.745642286202587,3.6775637852168077,7.339593758509723,18.372192088722603,2.8508882277451413,7.203483099260245,2.918574315461574,6.071348529403458,5.398238998436777,14.486653566239871,17.27968919187638,31.01112064706217,6.646697892997517,14.973975758638096,13.809873894518386,13.450176345500074,1.0318347028848245,3.4144814583552323,13.737664082743976,10.113474361167693,3.860312259779356,4.295973794094155,3.7114843830618645,11.506409299018495,5.543210512455361,19.898258988084066
5,2.28454833660766,42.83176862739687,11.143483976310673,19.60887020993143,1.1615054780189624,12.19200946978974,80.18479352355948,17.380034390055766,15.641899954225407,6.0662036603033,17.73177223772738,24.012743083615018,5.922481562052613,0.6014754144219328,2.0717405336210244,5.5391157587185065,23.216122878087212,14.560981688112289,7.86840679837083,0.05251527238860332,1.0021886575373085,11.369228853812512,63.63538334834016,6.86385652216382,0.945228231442002,70.64722802367508,9.726878909825963,8.164183738909047,6.823816074715346,27.271345715500512,1.713799184735494,1.8176666307510667,43.90056033267456,6.275977663065399,2.0316441729138135,1.1773319530335502,3.627620072350963,6.4651993563649786,5.1993143445228185,15.872584263101734
6,16.97829550287421,25.71288917680227,11.425256903709252,18.417786887804937,4.367851505272242,7.469332903573639,14.565864852325092,9.441494390362651,31.735232783842232,1.0763726459946568,8.474365953330565,16.164799272589274,2.7278851430581987,4.540888170275168,4.31573986548897,6.809366875117199,0.5264296905557881,15.410356890200726,4.009471439962852,6.014921328794039,5.1999739448289635,12.738402095764487,27.73648708107334,20.25204491638049,52.40222590514888,10.469366574433867,0.979320603415403,2.5611727714565053,6.02214947578561,17.621146417586964,1.316899981447785,3.1526958698654406,25.060973378577625,4.220571974336368,2.4403162948730537,8.220955580013506,2.3734190986449035,8.233218667886856,9.104564716123381,9.06161502776587
7,30.943630749897938,0.30022993500952316,9.34293418406229,3.9171589802876925,2.0969085007203714,0.9341014152267779,44.03608224432559,20.94132124188982,8.129020519415985,24.38703113586065,2.713593239661127,22.431758809674395,2.5939058044328003,4.624400614317268,4.5319173178563705,3.3653600214664476,19.112863756007073,8.882097580202807,1.7314031528674685,4.723663122316139,9.77616740397727,3.1878833001837497,56.62399014547453,7.935672561707377,40.209605281674285,13.459799151989468,10.659128669530162,17.2142345384179,9.595955227639958,38.44127358715152,5.446731239728929,1.5325096259290856,4.234619086612515,2.2384052886812236,2.212953324139766,2.7856545494331675,2.4372704616558445,7.032367998985484,6.0176194790390705,6.325757756734551
8,6.356099762664028,21.310747608859675,10.910778700771965,0.8073856463340129,4.406862106286773,8.997645797306577,51.84900520496699,4.910751366388838,25.05654174104276,14.60195595591546,20.791693063598935,0.6231378574320283,2.1916868623108168,4.697919481209885,3.3284054769354015,2.771160839217669,21.38877826722484,16.759265659848673,10.23359345070798,3.0957399809817274,8.205156957708034,5.9618592511625765,37.300194122061725,22.574354088901746,4.64494611673032,19.848594183638117,1.3902852943684105,16.079995562398853,18.7748743346719,5.164292988457817,0.4631890415486953,0.08342676584331048,5.898146010176411,1.4902502057113305,5.317490888411431,6.35886551213284,1.323015001224189,1.6835883948130048,2.7945911516208426,5.420485814383394
9,17.239755271982386,0.011949488616820204,2.7215839273409683,12.999697970847935,7.004252771821401,4.837576736267661,32.508341283201545,22.0482121299055,32.7828160003366,1.4094411754489387,0.36493513107603487,18.57036666146653,1.1426623246561256,2.0215967665919243,2.7841864728759766,3.222001676894789,15.73001337048148,7.845290545157073,3.8198774188656537,8.382948125034732,8.060537133926166,7.522441109255115,43.819178477015555,22.061729493368492,4.309424268257615,41.666880673613235,6.234716522535136,2.9118794933609076,26.11627641962404,34.137527738389764,1.3166986947265218,0.620397243964581,2.7028285004417265,2.0891031562369595,2.073838238526832,1.844084005148745,1.7692381500322378,3.585343480120589,5.290749871400779,6.107300368875919
10,1.0136899724459953,23.244646475123492,3.1698311303882427,10.003813285246435,2.7057944968025067,6.9191630928481755,35.85119202830261,20.383320379745683,2.350840713603704,12.679992289574828,13.085888824514774,6.070629755722416,4.3327337931772165,1.2382441559282114,4.758108250035201,2.1511578637931343,10.038492976962655,2.488203484335899,8.990645965239505,5.882991608822096,4.991306896923277,1.8337928788896094,44.73159597110318,5.674122255738544,12.811499760998304,29.91810149892589,6.583339704934059,13.680121102611377,23.860042258804985,7.351102831610527,1.874486031279388,0.3844395533039184,3.234011671666845,2.697947140697502,0.4169454331891803,5.0612514154703,4.456400329879103,6.898609908795105,4.823942846547225,4.653053259461712
11,22.067860532944845,21.21108408975989,12.85313703049795,4.420111136426631,1.3997026483318133,0.6251948435204534,39.87931345451562,6.548111436061104,3.079746236893495,2.5486270265300384,19.675936765905362,18.56816649531616,3.6251424468947655,2.2574746350185153,1.0603133614417635,6.761377286133202,15.067413942295683,12.415386127582167,2.3535438589675173,1.234171177619766,0.552207912291653,1.6818491026759157,41.41867196297127,14.604411147264758,1.7262221556820985,5.704745106533834,0.4002574008463219,1.8994887645091423,24.22232732602384,11.602743530426613,3.907242984685443,1.0946314587566124,1.3206232652394112,0.5984239789077215,1.5904762095265903,2.193858649932575,3.4343734808795974,5.9071946701596145,1.065605060416795,2.3211584561135976
12,5.595717800720008,0.5809896348992101,5.6819863993277115,14.994861261237336,5.944406305438439,2.2139710072807905,12.26353052746762,15.538903035702239,12.585596232387926,7.61271447644905,13.811080544614022,22.243790428932435,2.3649021276437208,4.909613265508375,0.5276741364209874,4.091703709137071,11.603074165245017,15.409546246375884,1.7015681191064067,7.911800405656468,0.20192545076357776,5.382823858402,6.860646101066037,8.791506826351828,36.17819138371356,7.3605634265450455,5.941037395982536,6.987121246710892,19.38099912249716,4.419078226216135,1.8445991586896429,1.2751994130412898,3.883657848463705,0.4183917900495675,2.049137036839855,1.889956788374032,0.9629732344903974,4.57256359803585,4.859488419462345,1.2898847155734876
13,10.573623532896276,5.0268637969216385,8.901163017089484,12.231508234210379,1.7199755663568757,6.6127124084789495,0.5436746574118785,13.027026099336155,0.448124338450533,3.7867424037626773,19.19452406284482,22.088656186670384,1.1445390764255945,1.5670322380590318,1.8217092316178964,6.392453558807626,2.958801886560258,9.662004578261598,0.8007846047597118,7.783960105967873,2.82070617058456,8.493836806331117,15.801069130813726,8.749004907263275,30.6653723117147,33.8148341026577,6.949669653500395,3.3732192871617284,1.5985887943265413,25.331746183300655,1.6039274457587593,1.1811594652692796,3.3691994589606864,1.740546873101661,0.18794672821872713,1.9763487441512488,0.1477509725713895,3.170610035232711,4.963987977569188,2.6455236564317617
14,12.080157863234586,1.7690209355795383,0.7725667425094109,5.8490607430500425,5.158955881421332,5.716037987410873,8.584638337320188,2.6630263054277328,21.33172988124191,8.776838420714187,14.320619596807855,7.669309858140353,0.74621821014907,4.975650706489966,1.6647355197774998,4.134511777093426,8.447261805411669,14.240296178272986,2.5621645754529845,7.668626506366931,10.244596729574889,8.885636164792084,33.59062678744501,0.13121635502841617,1.1380818173815603,17.095973152374036,5.164144623972371,3.909014392265478,3.043394923621478,5.911375345882402,2.179687299531257,1.199750275432232,1.541195285453708,2.153024205833196,1.1660416261571114,3.124316338253567,2.401939204893917,4.872502084070726,4.604532906749066,3.959606639245058
15,7.51498282359834,5.891190403881953,2.872476241730793,1.3320216483594194,1.6445813304481964,2.3102627781930942,26.420911926732764,15.135300065787403,20.4833043935052,22.580469695683025,18.644194491969188,21.66938114741872,3.190788888144936,0.6687560598756633,5.313542090303035,1.6361600368462528,15.694158026248866,9.1624326314909,7.934299514006703,0.24739416101923759,8.355881723747308,8.36239619197408,9.572787986337136,13.473808388652717,10.56355712612539,19.768321026102136,2.3010902574391614,8.55963680991841,15.704492114077357,24.333000487233765,1.0402339019692821,1.3622160201101738,2.33040218670383,1.0766471563632882,2.3260670921031754,1.7771890081396025,1.4132565435708222,1.805354616661213,2.0640158682972936,3.315508454185485
16,3.126664672050448,0.016301271569100707,4.533717489458692,12.386087779616508,2.1144069982222784,5.334951957135901,4.631332412672305,0.16810084680144136,35.552969213333775,13.908155457114015,12.35183441411483,19.242645268527166,1.4207533610055618,0.9866683426514422,1.8767716245037531,5.624786572125392,11.363879049670379,13.384475834034463,3.6285632477789243,6.312169666008323,7.388850822125458,7.898163897485137,8.807372261348196,4.396646327504735,8.221770948338719,7.828993082211677,0.5771815233068658,5.787888120820029,6.4581718359516165,4.493729074582654,0.4404793398311934,1.3153298919655199,1.4404550471551794,0.4498379689216939,0.1349454438457264,2.825544627966705,2.2398875770067517,1.5139305099838596,3.4549735849897436,2.0658431901227066
17,16.208513897723982,10.123283783221959,8.74582006354683,10.431422885691541,2.4284833705803885,3.6633240605095705,3.4518280057767567,0.131809389169297,16.923237483806517,5.456994255363936,15.580999922179778,16.70647084299175,0.45127941284829276,0.21081359927220278,2.168622747253316,0.9418905263856683,6.343928122982196,1.460109658758772,2.753458349283524,2.3977980904207743,2.4041900367839744,8.427118244510563,11.139289098749694,1.97039257579919,3.242905665050944,5.393839716714752,0.5221071237001997,9.761060821218077,6.401616045530091,14.718044772037462,1.5212018341014018,0.6892443973168514,2.888538103745289,0.0103098879082875,1.2244932013334984,1.9572629570367812,1.4384251755938262,2.6380481470813115,3.107819914025822,2.1512898963126124
18,7.655383038311932,5.319156867020886,1.3410384718683586,4.036832496933307,0.2577419085212231,5.486514775989793,18.43743778016815,12.932375640112447,22.860269879461868,19.68754952175858,16.164438952101587,13.60023863617075,3.3934926498055527,5.048479419857149,3.7723738574610826,7.126100036618119,8.34821479142354,6.762707828209882,4.671425676993176,2.895075497695494,10.127983862119654,10.929561289385667,12.60193925298768,12.858814970078258,20.884373579547617,1.141740092894455,6.762486101467263,8.776732013202862,1.8698480377040518,5.495105637266741,2.858469452410169,0.15042678384528493,0.5110395651315156,0.11409570195976151,0.8105119698584955,1.1403542740364345,0.060843006212558795,4.38867895197917,3.930830196283672,2.471434590783491
19,13.567263719330315,12.274844839327942,1.709792560094521,12.081128731453424,2.5633259763719085,2.9042440854357676,19.868600851969074,14.438365482842478,19.368571800220764,24.700477753020067,14.967942720862535,11.26661543687684,2.826639472474146,5.056612193778164,4.389053499238369,1.3760783181226006,1.1434327100441817,12.68356894821123,5.975512012823706,2.762174287603947,9.926450804380373,11.643614493476292,25.082024300636096,5.697033198140333,18.649484983544482,24.74134157914378,5.47337126960739,5.106721856712606,11.001199063943526,2.92903242808347,0.14056509282597773,0.5023546414423105,0.23819289653882944,0.7155679764189354,1.8448742960639775,1.5576908319833616,0.5554192653112794,3.429483485813976,4.025703159116019,1.8785971141193476
20,12.685883661179028,1.2816457951341174,9.479247031926455,9.361619874381734,0.2504677143489584,2.858318947113129,2.8484535709394265,9.443747127292308,17.93110865350449,1.269486279288299,15.075578287327017,3.710245878132061,3.9973413059629777,2.0189550079033367,3.0558093354242106,0.5988772651132235,9.768817788390177,2.764252297327108,7.115429402424591,0.3815992835573208,8.334872792497617,4.805904993424158,7.429215319613561,3.279015637487041,5.631881698286636,24.483633926708773,3.6608061487202184,1.3491122302504324,14.539484230232508,20.331920176626216,0.43724604306768156,0.5178435350981507,2.733915682534647,0.6252086837762558,2.564218052871074,1.3013718442487567,2.137214943843189,3.1302203674554088,1.997360960756082,0.9121927123211123
21,12.794509542495806,1.9137075222962585,1.5090815602082057,9.110751055117602,1.7457026938841051,4.279371647139769,11.179098312299812,17.841804970822757,38.384552056083045,24.781658532449633,17.221939097883475,2.9572543322482905,4.888504440750091,3.587745578160522,0.7833154058648538,5.535338417206087,0.7259852998621522,0.8865848706026427,7.211236658754261,0.15373599815600453,6.655352078186453,7.769998590692193,6.920826959946867,13.405322210369473,18.417789987373347,12.811570290030343,0.3117920892175275,7.2638762881907235,16.427696950052464,3.6792115182318046,0.11889015080358199,0.8405372795544676,2.041320868601277,0.08851986835066511,1.9929303444513735,3.065993725363269,2.2812805132529808,2.223325840387442,1.2476017349309814,0.8441053515863575
22,13.470470682350625,4.3302711667434135,3.6800337690404414,2.7756931192141523,3.8028455404374437,4.254507712145371,2.491437016638265,7.033199963971445,13.846005429216602,13.741234577091381,4.678246980365791,1.653345550355833,0.7864243815347024,0.9084490801740794,2.87277479522531,3.3396335102257884,12.709417350534864,4.932028898171913,7.753053181258571,2.463554436694088,8.636392602756612,1.026430137389281,1.858475048422263,14.945291520996776,16.90279084483326,6.976399929346939,5.21043843663858,4.6252048142286055,3.7244265473268117,12.277336503411655,1.9261233237703683,0.9931024475270863,0.6357796779725603,0.2648832056868817,1.20334086504795,2.0804664660001397,1.274299083529958,3.886774257904882,3.9376625635409974,1.2331320251575093
23,8.515114411768618,0.2699961584570362,1.5293616243315076,7.959093857041866,0.005477964672386948,2.2903084407203322,18.959163303486093,10.014976319553451,34.97999976833058,1.633567837701227,16.4743581049457,6.02372103874756,1.9024323803530623,4.534283837164166,0.6008112413657531,2.1987672518069403,3.6815419396973503,10.365635957573664,2.398572695524295,4.952343096731972,4.892193593697678,0.310805801233217,20.65204877119779,2.633314803105831,3.2200412927003934,1.669500972667341,4.238904121537473,6.10478820209946,14.267774963687714,7.329494920303772,0.741141837154566,0.35997627413169075,0.992382250609936,0.7832928471504776,3.1509230565881676,2.356678743691326,0.37358416656140725,1.2020668045996408,3.180061208235192,1.162701605453005
24,6.794093336927392,1.7726656816037376,2.852347941932868,8.06790864303297,2.186894567308517,5.092020697987426,7.847858475139938,11.930523036856451,26.72767854627315,6.146289329139957,12.770374787944169,2.8515781412352608,5.329935968903643,2.187185988304665,3.7949139626388257,4.158456540039844,12.34406237276158,8.4444308517012,6.404529310097779,2.333182853436322,4.838479708988898,7.529206456783204,0.5000948264267686,4.496857583964422,20.475210153925868,7.05750015200164,2.2944342351848963,4.504252709566847,9.604131532839178,13.16747936050722,3.0529665545213946,1.3797262339402945,0.07903775375311851,1.0729788969139513,3.186995697596405,1.362182274480061,0.27607137712406643,4.108491872372937,0.19782533053998833,0.07237358802757596
25,10.511443530887853,10.179226600790624,6.978715699916441,3.853303759611272,2.3153464284160905,1.5251470463534607,17.541314134080515,15.59806587195014,32.57039731334511,15.559952293812351,5.038134546432193,19.63113769724916,2.3620922648299296,1.5868187613710083,3.4268514093704243,6.586032268428409,1.9632728147152574,3.4877833089429187,3.4438706426081556,3.3886114756892067,1.6320254757479382,5.680658616980061,18.661706462232168,11.16397386047835,4.450985188105834,6.885570117580443,2.6668644325945854,5.24690040719313,4.448549878644084,13.32689377571076,0.9010920591669112,0.5168674119973933,2.62729336279004,1.0758957093367683,2.5046083294927284,0.08541903493154476,1.1611566977663574,2.4844482123993337,4.23351604880283,1.014921970745685
26,11.098903423598385,0.37493665693333383,8.575218176604787,10.55145691705804,1.3694420267487697,0.4783680567655438,8.534584781137355,1.2426363030748921,6.884811554559242,19.300641537231588,6.919441771818863,13.300109307925274,2.597067151461039,1.3265135313135277,2.592179201739515,6.030894219024878,5.245032156457086,1.8438105348580698,3.500088958997263,1.9269052504320818,6.25835096750972,2.317087766555122,1.3731610747957057,14.533353829282449,20.519804541328238,15.427242459827543,0.3070274028579144,5.377316162821483,9.847651118067716,1.6538887856591054,1.304032816575816,1.5548673829658548,2.757632280952477,2.4917895591244994,1.5449810122064536,0.6939140830308798,2.6979794204788874,0.6931263174837367,1.5345753125105357,1.0325538752479086
27,6.065152490501271,5.559695960990493,3.233357381959554,5.035248496301883,0.4577971298495613,3.813974632064696,3.9125656152856805,1.1508125741963455,30.65609768113417,9.477678631245977,0.3901277298445414,18.333599710469237,0.7435329188476509,1.9989116793691355,2.58701811482387,5.134437497009801,4.51398773769121,13.1914396832475,1.5563133478742746,4.565126067455524,8.572561575395397,10.579067166338957,2.8453092414775765,14.199356658396496,9.179559451388569,0.06764562447980561,1.6115946837991864,0.6922855165678182,6.980554233756611,4.708094596694101,3.1033628704056966,0.6515292481299746,2.4330460851971236,3.721558932542765,0.769015124050817,2.3016121486719245,1.507067018258174,0.024015345197190396,0.7988197580812794,1.0380094603980408
28,12.01548541887383,1.2243824058112354,3.8009278028555973,3.9990927273534567,0.26932454033394376,4.997144850623471,7.325400929291266,9.004955075523045,10.504224294943512,8.32130157185599,15.274439010347896,11.974246066133169,4.943431086691401,5.009945263474518,0.5151320342971835,1.6143586632826672,6.024344575783492,11.469360502710362,2.75959591080936,4.634739629797209,8.799697947888117,5.877086563270515,1.6879041366818477,13.878051225208337,7.349467747732159,9.28607400893754,4.014677729943743,7.981887407755876,14.038622571135,3.591122348455271,1.77839623581402,1.727969734976173,0.11912309494723859,3.709307031439208,3.8834315446132517,1.0389877370869656,2.7070580206386996,3.8184910135512324,2.8977233088516416,1.7553210878811483
29,9.232774802296891,9.796151327286953,6.458799187958924,8.521252654497088,0.3559637352038472,5.142274671712187,14.930719997639631,7.082816249280252,43.25447187060739,10.155409541381074,7.8823178812661245,7.853042259945567,2.41458936847877,0.570141034626451,5.324370167103746,0.4282969909565275,10.816570484255816,10.979712566695724,3.7160705653891295,5.290467744659055,5.58409659002955,10.357777155227513,14.669522310670644,13.569186572254766,11.913580671828383,13.539060835686191,4.801864843755953,0.7456703280353791,11.682839677268102,3.098273693151482,1.8997131257914341,1.260865260936195,1.4311087288275037,3.9547281845634052,1.7858850030594062,0.7407807623118207,0.19892104452358175,2.017125218849435,4.201579138607099,2.517032586077224
30,1.07388239139215,0.7323477789115366,7.160858824869021,8.387637522720594,1.3452523428173901,1.3900361233860312,14.388643315901485,13.221943658259695,43.98129325797944,25.62105129566009,15.599755380897799,9.518815032770801,5.5877368285903515,4.43748347351502,5.167443253544527,1.2990309923055767,12.439586107492174,5.858845213254739,6.408790808893601,6.726484756510252,8.861812005463678,5.2718825253976265,3.5952169489966304,10.489501359279256,8.09575725718401,8.444262903568859,4.58435979170905,7.939665892033997,11.641197639329736,5.488521099434082,1.8743816046578878,2.03237710490768,2.777867684110994,3.6544928770196483,1.443568834744517,1.2105438951705858,3.2820667696366828,3.3483151229193533,1.9929532925552937,2.1528703303786627
31,2.561993519072979,2.9063218592978157,1.0920369249557835,0.21948650383318583,4.3339749588954755,3.7337573856607422,12.041131874666156,13.009976085102384,78.91797667183516,25.426015044928327,8.10287118839053,14.957269781338931,5.074467575086766,3.5145198497097367,1.2683208235142205,3.5193631170222948,8.576205555021598,10.539206786999664,5.980407413795041,1.9984977967268747,6.534805200684,5.56185824392086,6.142680243311997,12.847532777377653,10.092146470777609,15.12881117837249,2.461741586866766,7.2322615986511956,2.772690971186922,15.203397831389346,2.8242827903058063,2.155559679142077,3.823382035024062,2.2439313513432855,1.9777334829440996,2.8457334385428683,3.0548903610955285,2.843917206059948,2.496193747973551,1.2206391981585951
32,4.843938333124362,8.368270950695564,0.3977205171938878,5.5273467802831355,1.4340577256848321,4.720047904770446,8.624219107655769,9.899797091172339,2575.314926175236,19.937418170682083,7.370126947033788,11.45797262568398,5.503809088828843,4.947886725795156,0.16597799826262605,5.635773922090024,11.84784160639799,11.513838702298033,4.375324208396401,4.505300138095462,9.192448752811623,5.1195077239567786,6.109145455356201,4.542305106283294,17.889044720142497,11.507785343882958,6.924525322970606,5.560838110530353,13.962402619225333,4.818242867595237,1.9010534222292945,2.5775364373673426,2.6224427890959494,1.068068760899098,2.9918290813713657,2.351825060938755,1.6038454044736121,0.3821907416417462,5.363465371050793,1.4279436807538664
33,3.8564579365029013,8.479078421075387,7.879698063069439,2.81484086698777,4.64008067066444,5.736321361831883,7.168802243503967,7.18308705573625,1417.6486519334767,23.74303862363661,14.80434763578033,5.534659915743971,1.5355919920001986,3.495598556626088,4.864455028957324,3.7215001121002427,5.8301383499752735,8.9198173405466,4.027466122810528,5.719222860177314,0.5005943001493977,4.914361247143081,2.7119808685254774,0.1526173719489964,17.54052040210457,15.053411512545871,5.9171519926894485,4.047610431294507,0.9207893604189684,13.982137503566134,1.5378680733522598,2.601787107404783,1.3150088847364694,2.082349627928252,3.7488557567056677,5.372324148105453,1.219014734930343,4.675047890349736,1.6603219693179827,3.4729834724166606
34,2.3331507941376834,1.5924340110772757,1.6874946199516612,7.950479845666152,2.598369741754302,4.573483057954056,3.1617500036564294,7.402496098740145,649.4444715100823,18.47812243847068,11.564593279649383,9.158602207050338,1.3245309495222057,2.922095233460019,4.546636001804907,7.794077026945517,2.4058175876260526,8.689250399519944,5.6499713417760065,3.647202040608538,7.081421671023595,10.1951323251539,9.800741972372833,7.396822598017214,13.491045981523094,12.310368178710592,4.0017410936999855,0.28886281991972323,2.3108631843426255,12.059965311169991,1.2769208322524173,1.645206016825377,0.46468998025250574,3.957104240268369,5.06926836562136,3.749249736550873,1.9274937372785137,4.969824192413119,1.1429594843213535,5.3812627358205205
35,9.401068097599538,5.458014440198081,7.691071050458208,1.616719787740153,0.2790294692483418,2.912227915400197,1.4823603772276408,5.0241319848150106,428.1653359422423,26.69706265661646,3.409931831492705,0.5917185780799881,3.6193875000320674,4.895529599205919,6.268708193632629,0.5196141677408921,10.90488583837211,4.0363212116281835,0.7738805783253567,6.470852103895176,3.1761082589281378,5.6617954580594905,7.316957977953706,0.14922762905434,15.982484443594078,13.110848004187437,1.1923227553365578,3.495871185833502,6.8878270639296355,10.851059904362026,4.560920942567902,0.5356857281762522,0.8633544516868189,4.901083292758319,1.0120393941484371,1.0104939012359802,4.153008520251648,5.442904525899299,3.7823615778547706,5.281139666020769
36,6.3656498707873,9.952190950340254,4.859405907712208,4.081119288912204,5.141708508031672,4.893208118104644,2.9006338679231045,0.75720481157294,529.5203613857108,2.1977252887951337,14.00876787063056,5.400362162886858,3.840422434083974,3.894620523777625,2.6129167730033855,7.803953758052036,10.844028631336945,11.171220036279303,7.017546390651524,2.9643135958904314,5.449234820921691,9.135563519868775,4.291542728706788,11.276965241480152,6.052053319603362,16.410813102937002,2.346036130331777,5.529755755761671,9.722328874603265,9.0536138071248,3.2946772188952305,0.5277430420876531,0.6321676569928728,4.784452904839391,5.7983394937952895,1.415903027522253,1.0804586772735036,3.8785982933317107,0.5382543153359592,2.352094650406088
37,10.460245368962816,9.98274727305822,7.498086224197361,7.429732392521881,1.2696728482297428,4.5951217415546095,1.8002349535630604,1.566611508971364,1120.4856337484207,8.711816076271196,6.906207711001562,7.068821480996608,3.68404136909687,3.3886363167189684,2.255799224728399,3.559009160904244,7.259109217542636,8.406658106832582,1.4648756294819043,1.1224493481911322,9.203202694993324,4.015595745020639,12.540976536736101,5.322508805539843,15.094231829656845,11.525494652101726,2.4306341241633502,3.2501136989635544,11.85332813898167,3.30926437681471,2.518533028009531,3.8474779137047763,0.9283281025623101,1.736911550553033,6.360732811383414,5.66610701500579,5.044392053094499,2.9417115479594282,6.836070846490037,1.0477926638338282
38,5.7609004249661115,3.643822612324303,7.346931083066091,4.420873161555473,3.900416267441794,3.403689258562536,7.3617708432551465,6.48236052992366,641.1904446713066,25.719100884011674,10.019364425772654,12.730821646057194,2.6568729140204232,1.8868207055903172,5.18789005613259,7.768232699483112,8.688851120574254,4.326562749271793,4.70510251671941,4.612068366468639,3.4800625171503263,2.8936342163575,7.01658422302396,9.57471931285218,3.4229041355895387,15.035108934866564,1.8983539184689202,1.5489930866124384,5.849826567106217,10.595237747864461,4.543075321231395,0.5665852029193119,3.214332790289673,2.2541971956044624,2.7284724435480627,0.19164156735682641,2.3220478172535293,2.9253638211257997,0.10674741660437345,0.0361668727885271
39,0.8434639244922842,1.8070219455806018,7.1157197603712286,0.3872159469108245,4.976642562989235,1.218184442959913,6.225614471654621,1.7908976062996114,666.6109810350958,7.616496840521049,14.52402984840299,0.46976645069554496,3.6519711584940433,3.519336337876733,3.292172020384241,3.182750004330311,10.358517726007996,4.212540049706169,4.013915373744558,0.7222706438446741,8.967921005172665,2.9180856900222207,10.272537018784398,1.96801090281952,13.732799641649702,11.863335154559705,4.78789823335203,2.566949034546158,2.639288589639838,8.414869520986228,0.1847395371551455,4.440352667058026,3.8636195464160137,5.544438969352104,3.823763586552408,0.48241518613408446,5.545188646773381,4.501777765345071,1.3647222649497213,3.574346323768475
40,2.4664002801163316,8.13759024414335,7.1919914936908995,5.911703604083417,2.8550286921338928,2.647976115188246,8.045007293981657,3.460618877038296,2999.9946010944627,28.565632251003823,12.416127431542032,1.8185247466891017,3.8056176010611953,2.385057102251552,6.946403844254977,7.125016143067684,8.82975617587256,1.7119406616556665,0.025049781485674286,2.6281076055938946,8.495420129911103,9.767239577670384,8.618811536752384,5.361835133893444,3.2048784730092934,1.679235097238543,4.156994322910682,4.787560635405851,7.1288500210022745,4.538514913936844,6.338165635829933,3.908231182935985,3.478403507201118,5.68964241793701,7.025182420683063,5.208049605665209,5.348984994803151,3.015107986599789,7.620083285059967,3.542044161489713
41,9.971758226522613,7.300088328981366,6.696593469078957,7.087881779846291,4.877514084015238,3.1865854777241682,1.9686790728759953,10.14115310659202,1558.0903745895573,9.66251545661073,3.6470447603178213,13.085034467769143,4.143539225953771,2.057095636513441,4.253737937403966,3.2134569194936144,4.320615262718674,8.825992042249977,2.1752590403943763,1.371858762912558,4.577869838727459,3.9652220657394763,3.068925902144025,2.2693102556835743,15.2544916681382,6.041465440843178,0.4018846618305146,1.023045284498735,12.026900617365895,3.934704752075511,6.525049096105906,2.1335584458994643,3.5282074015913167,3.240233390680276,1.363554498084554,5.852030552376694,5.915037144170731,1.368494755023972,2.4707727466218556,1.3032958705758855
42,8.486890401536913,0.3973205410955988,6.141516225747365,5.468497969940351,5.912802486261529,0.9851226333777768,3.502344292367429,9.926918109038064,963.3899133505636,27.069905175130216,14.289239576718105,10.791040220474763,3.0988052135450173,3.947713474568698,0.7841546293759117,2.682681098366381,5.469224720793397,9.62716859072898,0.21515223648525278,1.2509138929822556,1.3254366955851058,3.2828385107780846,2.7372878417856463,9.014972177595999,3.8864450075278305,9.937170898686807,2.582709062002352,0.689757179786355,5.341993994943559,8.345699229142506,5.480899773830805,4.582057412031816,3.2804349583314587,1.1849779683525037,5.202880928664134,5.67776049704508,4.874307087314476,3.6903723839543106,0.45165815214645455,3.7469421711611224
43,4.892367903178977,3.203369103959444,6.375193605783141,6.288351789874256,0.10098332024028074,5.481672411352088,4.156359561387114,4.701133186919951,702.5625146684228,25.011863097273324,11.870205748678693,19.1386112603574,0.8840453660817578,4.765552865392655,6.641238078857271,1.2193658384722479,0.563233801965723,5.862624548588308,6.395344138683213,2.3706092853778986,7.8869569793433465,3.9086192845567616,10.834774066663433,1.1995634129855417,6.337297885332168,5.377702473676513,3.3177466102750754,4.333144154613691,7.652040603536039,9.308819757965358,2.723603779236903,2.403934325307263,3.9053065255011945,1.8521600457357754,7.07735023431793,0.01989123730084411,0.41199649440793895,6.681898280716792,5.086696098572601,2.8990216953419914
44,0.2957133054982364,6.254905057828105,6.3870849031577395,7.18656767031585,1.7416341253774503,2.5315981757930532,7.633866543161378,8.654100146016178,623.0838818470207,3.762421723870667,12.68083865574454,13.599491831848304,0.23125169834988904,1.4260089806574594,1.3568403721583917,1.5765714476977781,7.545997032654089,3.983955104446618,2.022718144033439,0.7516895008869391,8.720021915558803,6.543671538838402,1.3109421341279621,5.495912471754702,5.813334095715668,12.65246645943728,1.5235622935195527,2.475395203725376,9.703179303663735,3.806481968025111,2.1115606562120015,1.0862570385343144,4.028735136958886,4.289697596291029,1.667796030279078,8.002387131060104,6.789942018859368,6.211935155398056,0.15725362255366385,4.005094305167798
45,4.502904245786182,9.179462616215005,1.3478403802269152,6.972508804212048,0.7305328748309541,0.38003071811164296,4.541803125859521,0.09749421880416673,466.7030950152615,26.309824553590143,0.13143935473336318,10.600896452563605,4.429248409845928,2.6452554781213333,3.0901044977496994,1.2528734707217966,3.0651154529758466,0.5844868542596209,2.0507655228125894,2.482573529373033,7.74220223863288,6.299790388725125,2.0139834873539373,1.0518176333830087,11.025890081258597,0.6947819619181701,2.646388875111606,6.986641922481797,5.4408771022979945,12.47864534708237,1.0810992482131632,5.479794534741386,2.95426808394538,5.602208778517423,3.9390870843128156,8.39287657547825,0.41709360173207016,4.439538215044732,0.615587968160055,0.8704309187110039
46,0.5783236715428369,7.7576104215207495,2.0624271356250294,5.02189991853592,1.4891114402676813,1.5496036886142803,9.173714396717905,3.572311373576239,478.6644772776447,7.013596282320641,2.671182103829403,5.4657154881174925,0.4101634526013514,1.3710288875586134,7.058590909782785,2.793476355573116,3.212690152570076,8.123435612767775,0.3097846251837734,4.926291621879352,5.458287279424707,7.56273691874506,10.174568174918978,2.636197773556113,14.188894252663554,14.537707945949371,0.45434584446577625,5.541196112910511,9.250610223923282,8.960885261004611,0.7705809208411765,3.7318274686622233,1.8651635768112442,2.5669598295160108,6.165531946592397,8.428903576535825,0.4631197176764094,2.7298416370465732,8.410390952138977,4.748857438688405
47,6.081402864396711,4.954240889057766,1.8587970140879313,6.833140186371433,6.001161035940386,4.29895151665247,3.6257817389252924,3.236450012384135,419.6345388805707,20.762699012341372,12.083234420544269,15.579095235289051,2.9894326196125256,1.8533590060955105,0.631227803988086,6.888040899769233,4.915517621608353,5.756756562801179,6.235375294084661,4.37322653440259,6.510948989172707,5.374508498267549,2.6288198617400043,4.313346649683416,0.659734143812616,13.083949285259642,4.102843914378623,5.592590732738201,2.376199556066314,2.9015494910603796,4.3100611200683385,6.247685543379954,1.8945472455450996,2.2812047381107226,3.710687928402079,8.432361741918772,7.023581406433529,6.191867557259937,6.223678444523721,8.644192915518406
48,3.0691076620790887,3.5194384186865033,2.783891070482328,5.5017590682311885,5.201831749890685,3.425051906136967,2.5817864848633816,4.4527595343027135,369.13327733874274,4.012925134704826,13.889621465304591,6.825046157290114,0.05982458925663348,1.9309623230836688,6.7247458335195125,3.299208259620972,4.384961404024946,9.393462338245204,3.5167804457906535,4.183734507786747,8.2521046289603,4.444862008868061,9.24499092794451,9.492641973920861,3.400621808120086,4.808578075303213,6.105720967606558,0.5742440264883074,0.1869882267629069,7.074132463188744,0.3008997162007506,5.991940559622964,3.3119142789197005,6.0986209520312595,1.6459466306537514,7.032470856119352,1.3519366963164878,6.710631272339227,8.36689166856026,8.378362318352151
49,0.22010865571874602,0.974947086637078,5.263030885685772,2.071397177245597,2.4075815973999077,0.8609985882314957,8.322833695312587,4.917334084132505,2.9081296065083846,14.447491853915711,10.85949277232471,13.928881386443331,3.0658926034644605,3.64682359129321,5.672319844091126,0.444385458437194,7.7295366845013485,1.832019673571513,5.53213266728508,5.6123815395849235,0.09164559704024036,8.911392355560125,6.616317806620988,5.381474691848984,8.790591334868424,1.6291462322037162,2.5200445595658794,0.72508810744221,0.12640994386728488,0.9576983524555422,6.3611984340655425,6.669598165842724,5.925243474506466,4.494453361227841,1.552022042353293,7.724877568403501,0.831235252886482,1.066958670562513,2.333715809882403,3.2825601309516297
50,9.142403009358471,0.6985593610236014,3.668037806776837,0.5336761673249886,4.062536059920471,5.329028675867096,7.520881461136668,0.24273572025685022,8.246292402159804e-07,6.324452760081836,8.090952844398402,9.834083449650816,1.5345181123697078,1.4077430495555434,6.346009240735221,4.238708002514291,4.9941469356485735,9.494747368997746,2.516233911460012,5.320788034559476,7.72952055927024,7.039707115861275,2.641917774858011,4.6628345683753984,12.595787361684556,8.22539684163802,1.8282340334904934,3.94559476840638,9.223644703935257,0.7762456659297161,7.446667401312171,1.1796856785859564,6.07961329545693,1.4813761657545623,4.565102469882012,4.462783035533389,2.1030640489010355,4.290373089616282,5.25611910252819,7.4729426787045625
51,4.5272655129838375,5.021555009359582,2.503174525341127,6.433595216289434,4.819351054418035,1.842903156974706,4.721223251345233,5.377082758385256e-08,0.8987664389159523,2.4186536199782473e-10,4.459757585311215,0.07425659724412857,1.5452196730760142,0.32580748262859466,1.9886667219975567,5.159392844093537,2.1635333151899263,9.354666747055994,4.179625234006139,5.504179155376875,1.7165156006812639,244.3938858089173,3.4642865683655275,29.964065337361408,1.132594957501501,10.490044515639513,3.715554437488483,1.0450446834455753,1.3752736559286465,10.617269043120842,3.724981798266833,0.4885749862316983,5.950381422401086,2.035054945154563,4.977765353892064,1.500849537200982,3.0906033247138414,4.7012590125675695,7.366743051307682,8.08433163338274
