obsnme,obsval,weight,obsgp
h_p0_cp0,4.733766339113779,1.0,head
h_p0_cp1,4.791050411251178,1.0,head
h_p0_cp2,4.736133605052067,1.0,head
h_p0_cp3,4.793458108493825,1.0,head
h_p0_cp4,4.7388869303959416,1.0,head
h_p0_cp5,4.796224772877399,1.0,head
h_p0_cp6,4.742024622569408,1.0,head
h_p0_cp7,4.799346678649674,1.0,head
h_p0_cp8,4.745546022791144,1.0,head
h_p0_cp9,4.802828723058296,1.0,head
h_p0_cp10,4.749451884318167,1.0,head
h_p0_cp11,4.806685902175373,1.0,head
h_p0_cp12,4.753744743346548,1.0,head
h_p0_cp13,4.8109438131459665,1.0,head
h_p0_cp14,4.758429257039461,1.0,head
h_p0_cp15,4.815638556983471,1.0,head
h_p0_cp16,4.763512481254386,1.0,head
h_p0_cp17,4.820816819620552,1.0,head
h_p0_cp18,4.7690040631266735,1.0,head
h_p0_cp19,4.826537155872259,1.0,head
h_p0_cp20,4.774916329695686,1.0,head
h_p0_cp21,4.832873732408159,1.0,head
h_p0_cp22,4.781264257468151,1.0,head
h_p0_cp23,4.839924276887535,1.0,head
h_p0_cp24,4.788065297818687,1.0,head
h_p0_cp25,4.847825098004019,1.0,head
h_p0_cp26,4.795338989869099,1.0,head
h_p0_cp27,4.8567782225715765,1.0,head
h_p0_cp28,4.803106181632412,1.0,head
h_p0_cp29,4.867098770046163,1.0,head
h_p0_cp30,4.811387439302702,1.0,head
h_p0_cp31,4.8792884436921655,1.0,head
h_p0_cp32,4.820199740474911,1.0,head
h_p0_cp33,4.89408758066166,1.0,head
h_p0_cp34,4.829549628469805,1.0,head
h_p0_cp35,4.912074915935634,1.0,head
h_p0_cp36,4.839419390718579,1.0,head
h_p0_cp37,4.930080173245492,1.0,head
h_p0_cp38,4.849740408370694,1.0,head
h_p0_cp39,4.918566293799811,1.0,head
h_p0_cp40,4.860345706222229,1.0,head
h_p0_cp41,4.907031152358834,1.0,head
h_p0_cp42,4.8708976859305295,1.0,head
h_p0_cp43,4.898605123616474,1.0,head
h_p0_cp44,4.880815789526593,1.0,head
h_p0_cp45,4.892668316833811,1.0,head
h_p0_cp46,4.889321554144935,1.0,head
h_p0_cp47,4.888437769045288,1.0,head
h_p0_cp48,4.895875215329408,1.0,head
h_p0_cp49,4.88536776216627,1.0,head
h_p0_cp50,4.901053620853926,1.0,head
h_p0_cp51,4.88309790760619,1.0,head
h_p0_cp52,4.905670853194169,1.0,head
h_p0_cp53,4.881379335574727,1.0,head
h_p0_cp54,4.910339253441958,1.0,head
h_p0_cp55,4.880025940699514,1.0,head
h_p0_cp56,4.9154196654142925,1.0,head
h_p0_cp57,4.878884623015122,1.0,head
h_p0_cp58,4.92108412370805,1.0,head
h_p0_cp59,4.877817510895808,1.0,head
h_p0_cp60,4.927368702136484,1.0,head
h_p0_cp61,4.876694224995892,1.0,head
h_p0_cp62,4.934183601787716,1.0,head
h_p0_cp63,4.875395967152307,1.0,head
h_p0_cp64,4.941273397978891,1.0,head
h_p0_cp65,4.873833052468593,1.0,head
h_p0_cp66,4.948129885381051,1.0,head
h_p0_cp67,4.8719703399266585,1.0,head
h_p0_cp68,4.953898134591729,1.0,head
h_p0_cp69,4.869841524949836,1.0,head
h_p0_cp70,4.957443763375255,1.0,head
h_p0_cp71,4.867531939664605,1.0,head
h_p0_cp72,4.9579671752559555,1.0,head
h_p0_cp73,4.865149194275301,1.0,head
h_p0_cp74,4.956235425654656,1.0,head
h_p0_cp75,4.862799863571415,1.0,head
h_p0_cp76,4.953354175257504,1.0,head
h_p0_cp77,4.860577094622426,1.0,head
h_p0_cp78,4.950157290201303,1.0,head
h_p0_cp79,4.858556612958559,1.0,head
h_p0_cp80,4.73552266257186,1.0,head
h_p0_cp81,4.9553597526820505,1.0,head
h_p0_cp82,4.737574730284067,1.0,head
h_p0_cp83,4.960596181310252,1.0,head
h_p0_cp84,4.739923994932861,1.0,head
h_p0_cp85,4.965039248209928,1.0,head
h_p0_cp86,4.742572038487748,1.0,head
h_p0_cp87,4.967595988153304,1.0,head
h_p0_cp88,4.745520242477487,1.0,head
h_p0_cp89,4.967525319522765,1.0,head
h_p0_cp90,4.748769276072428,1.0,head
h_p0_cp91,4.965677553715065,1.0,head
h_p0_cp92,4.7523183231783905,1.0,head
h_p0_cp93,4.963281246301042,1.0,head
h_p0_cp94,4.756163910193936,1.0,head
h_p0_cp95,4.961360136147049,1.0,head
h_p0_cp96,4.760298111318018,1.0,head
h_p0_cp97,4.960714028526888,1.0,head
h_p0_cp98,4.764705808761985,1.0,head
h_p0_cp99,4.962050982886639,1.0,head
h_p0_cp100,4.769360612057884,1.0,head
h_p0_cp101,4.965844883603624,1.0,head
h_p0_cp102,4.774219111534273,1.0,head
h_p0_cp103,4.970223560801143,1.0,head
h_p0_cp104,4.77921363565989,1.0,head
h_p0_cp105,4.95727540210229,1.0,head
h_p0_cp106,4.784245142060546,1.0,head
h_p0_cp107,4.944911540324709,1.0,head
h_p0_cp108,4.789181023220311,1.0,head
h_p0_cp109,4.9350308904746,1.0,head
h_p0_cp110,4.793867446772915,1.0,head
h_p0_cp111,4.927253538602748,1.0,head
h_p0_cp112,4.798168566510287,1.0,head
h_p0_cp113,4.921098882357572,1.0,head
h_p0_cp114,4.8020326689107895,1.0,head
h_p0_cp115,4.9162272057297445,1.0,head
h_p0_cp116,4.805541212081361,1.0,head
h_p0_cp117,4.9124051521991445,1.0,head
h_p0_cp118,4.808860644313047,1.0,head
h_p0_cp119,4.909456450558043,1.0,head
h_p0_cp120,4.812175042539721,1.0,head
h_p0_cp121,4.907226456214708,1.0,head
h_p0_cp122,4.815639830910524,1.0,head
h_p0_cp123,4.9055570421207255,1.0,head
h_p0_cp124,4.81934819242357,1.0,head
h_p0_cp125,4.904268480227156,1.0,head
h_p0_cp126,4.823280030495166,1.0,head
h_p0_cp127,4.903150104777161,1.0,head
h_p0_cp128,4.827191500041744,1.0,head
h_p0_cp129,4.901967981065775,1.0,head
h_p0_cp130,4.830408366977555,1.0,head
h_p0_cp131,4.900501465618546,1.0,head
h_p0_cp132,4.8316176064345555,1.0,head
h_p0_cp133,4.898608262265283,1.0,head
h_p0_cp134,4.829372608747498,1.0,head
h_p0_cp135,4.896272029889642,1.0,head
h_p0_cp136,4.825139110774569,1.0,head
h_p0_cp137,4.893550096015185,1.0,head
h_p0_cp138,4.820253407890042,1.0,head
h_p0_cp139,4.8905073962226115,1.0,head
h_p0_cp140,4.815422033064013,1.0,head
h_p0_cp141,4.887186531673455,1.0,head
h_p0_cp142,4.8109363733911,1.0,head
h_p0_cp143,4.883616501858707,1.0,head
h_p0_cp144,4.806886906549759,1.0,head
h_p0_cp145,4.879842474422967,1.0,head
h_p0_cp146,4.803281187521087,1.0,head
h_p0_cp147,4.875948337027363,1.0,head
h_p0_cp148,4.800097689664875,1.0,head
h_p0_cp149,4.872047450747028,1.0,head
h_p0_cp150,4.797307952313289,1.0,head
h_p0_cp151,4.868259767869569,1.0,head
h_p0_cp152,4.79488485582337,1.0,head
h_p0_cp153,4.864693554085393,1.0,head
h_p0_cp154,4.792805247419777,1.0,head
h_p0_cp155,4.861436882169015,1.0,head
h_p1_cp0,53.66633354503958,1.0,head
h_p1_cp1,53.712371732896884,1.0,head
h_p1_cp2,53.66813011932967,1.0,head
h_p1_cp3,53.713539609116474,1.0,head
h_p1_cp4,53.67020816298334,1.0,head
h_p1_cp5,53.71483007248338,1.0,head
h_p1_cp6,53.67256326638741,1.0,head
h_p1_cp7,53.7162328097642,1.0,head
h_p1_cp8,53.67519282180233,1.0,head
h_p1_cp9,53.717749572485225,1.0,head
h_p1_cp10,53.67809684804787,1.0,head
h_p1_cp11,53.71939592472325,1.0,head
h_p1_cp12,53.681278737004774,1.0,head
h_p1_cp13,53.72120124789003,1.0,head
h_p1_cp14,53.68474582997288,1.0,head
h_p1_cp15,53.72320742566454,1.0,head
h_p1_cp16,53.688509751778255,1.0,head
h_p1_cp17,53.7254671444738,1.0,head
h_p1_cp18,53.69258646997251,1.0,head
h_p1_cp19,53.72804294433079,1.0,head
h_p1_cp20,53.696996091984616,1.0,head
h_p1_cp21,53.731008193161365,1.0,head
h_p1_cp22,53.7017624443564,1.0,head
h_p1_cp23,53.7344513306239,1.0,head
h_p1_cp24,53.70691247305901,1.0,head
h_p1_cp25,53.73848536251878,1.0,head
h_p1_cp26,53.71247543919158,1.0,head
h_p1_cp27,53.7432660102947,1.0,head
h_p1_cp28,53.71848172835686,1.0,head
h_p1_cp29,53.74902400638762,1.0,head
h_p1_cp30,53.72496078565844,1.0,head
h_p1_cp31,53.756115483892025,1.0,head
h_p1_cp32,53.73193711358863,1.0,head
h_p1_cp33,53.76505765376195,1.0,head
h_p1_cp34,53.73942221446426,1.0,head
h_p1_cp35,53.77625327354518,1.0,head
h_p1_cp36,53.74739852394947,1.0,head
h_p1_cp37,53.7875223624104,1.0,head
h_p1_cp38,53.755788640544544,1.0,head
h_p1_cp39,53.77854207610806,1.0,head
h_p1_cp40,53.76440075652977,1.0,head
h_p1_cp41,53.769605071978084,1.0,head
h_p1_cp42,53.772845739235954,1.0,head
h_p1_cp43,53.76286086173754,1.0,head
h_p1_cp44,53.780454238656446,1.0,head
h_p1_cp45,53.75787584101979,1.0,head
h_p1_cp46,53.78632829667412,1.0,head
h_p1_cp47,53.75410196324956,1.0,head
h_p1_cp48,53.78984122216857,1.0,head
h_p1_cp49,53.751153080846905,1.0,head
h_p1_cp50,53.791642601032066,1.0,head
h_p1_cp51,53.74877024716031,1.0,head
h_p1_cp52,53.79265231275565,1.0,head
h_p1_cp53,53.74677186062414,1.0,head
h_p1_cp54,53.79355909932575,1.0,head
h_p1_cp55,53.745020652213945,1.0,head
h_p1_cp56,53.794765990050216,1.0,head
h_p1_cp57,53.7434031089817,1.0,head
h_p1_cp58,53.796467354989986,1.0,head
h_p1_cp59,53.74181663426094,1.0,head
h_p1_cp60,53.79872045514188,1.0,head
h_p1_cp61,53.740163811803924,1.0,head
h_p1_cp62,53.801478656439315,1.0,head
h_p1_cp63,53.73835610234433,1.0,head
h_p1_cp64,53.80458476954053,1.0,head
h_p1_cp65,53.73632891992872,1.0,head
h_p1_cp66,53.80773065128055,1.0,head
h_p1_cp67,53.734063560647506,1.0,head
h_p1_cp68,53.81040936292159,1.0,head
h_p1_cp69,53.73159949638456,1.0,head
h_p1_cp70,53.811956104658584,1.0,head
h_p1_cp71,53.72901929113969,1.0,head
h_p1_cp72,53.811895059242595,1.0,head
h_p1_cp73,53.726423045403905,1.0,head
h_p1_cp74,53.81063191497328,1.0,head
h_p1_cp75,53.7239082507363,1.0,head
h_p1_cp76,53.8087676642481,1.0,head
h_p1_cp77,53.72155926350619,1.0,head
h_p1_cp78,53.80675767135207,1.0,head
h_p1_cp79,53.71944413722929,1.0,head
h_p1_cp80,53.668971640430584,1.0,head
h_p1_cp81,53.81134257933028,1.0,head
h_p1_cp82,53.672055516919265,1.0,head
h_p1_cp83,53.81625319362031,1.0,head
h_p1_cp84,53.67558812831836,1.0,head
h_p1_cp85,53.82104997247719,1.0,head
h_p1_cp86,53.6795725627328,1.0,head
h_p1_cp87,53.82515780624191,1.0,head
h_p1_cp88,53.68401153872013,1.0,head
h_p1_cp89,53.82821909610241,1.0,head
h_p1_cp90,53.68890651425329,1.0,head
h_p1_cp91,53.8307997810978,1.0,head
h_p1_cp92,53.69425622416077,1.0,head
h_p1_cp93,53.833729279955996,1.0,head
h_p1_cp94,53.700054362936896,1.0,head
h_p1_cp95,53.83780750644276,1.0,head
h_p1_cp96,53.70628597965186,1.0,head
h_p1_cp97,53.843846413803256,1.0,head
h_p1_cp98,53.712921961368664,1.0,head
h_p1_cp99,53.85278091300732,1.0,head
h_p1_cp100,53.719910828732985,1.0,head
h_p1_cp101,53.8653016370896,1.0,head
h_p1_cp102,53.727167190757555,1.0,head
h_p1_cp103,53.87809889362809,1.0,head
h_p1_cp104,53.73455717533678,1.0,head
h_p1_cp105,53.85997239957823,1.0,head
h_p1_cp106,53.741884066905016,1.0,head
h_p1_cp107,53.842129057847295,1.0,head
h_p1_cp108,53.748883710217314,1.0,head
h_p1_cp109,53.827899768423336,1.0,head
h_p1_cp110,53.75524897692369,1.0,head
h_p1_cp111,53.8166514980926,1.0,head
h_p1_cp112,53.760708079917094,1.0,head
h_p1_cp113,53.80757968729035,1.0,head
h_p1_cp114,53.76515690030314,1.0,head
h_p1_cp115,53.80013016685593,1.0,head
h_p1_cp116,53.768756914426426,1.0,head
h_p1_cp117,53.79394188766701,1.0,head
h_p1_cp118,53.771838002604035,1.0,head
h_p1_cp119,53.78876571750519,1.0,head
h_p1_cp120,53.77476380312721,1.0,head
h_p1_cp121,53.78440927510129,1.0,head
h_p1_cp122,53.77784232838651,1.0,head
h_p1_cp123,53.780701584082856,1.0,head
h_p1_cp124,53.781269054571766,1.0,head
h_p1_cp125,53.777470054665244,1.0,head
h_p1_cp126,53.785050563993686,1.0,head
h_p1_cp127,53.77452801729803,1.0,head
h_p1_cp128,53.78884007493299,1.0,head
h_p1_cp129,53.77167716308775,1.0,head
h_p1_cp130,53.79162659510695,1.0,head
h_p1_cp131,53.768732725008206,1.0,head
h_p1_cp132,53.79142071971107,1.0,head
h_p1_cp133,53.76557053648962,1.0,head
h_p1_cp134,53.78602662013838,1.0,head
h_p1_cp135,53.762161571421416,1.0,head
h_p1_cp136,53.777683109186995,1.0,head
h_p1_cp137,53.758532744227985,1.0,head
h_p1_cp138,53.76843131778911,1.0,head
h_p1_cp139,53.75471802013615,1.0,head
h_p1_cp140,53.75935290043792,1.0,head
h_p1_cp141,53.75073727157783,1.0,head
h_p1_cp142,53.750897133054245,1.0,head
h_p1_cp143,53.74660513167109,1.0,head
h_p1_cp144,53.74320724157395,1.0,head
h_p1_cp145,53.74235617895965,1.0,head
h_p1_cp146,53.736300108363565,1.0,head
h_p1_cp147,53.73806313283899,1.0,head
h_p1_cp148,53.73014820505367,1.0,head
h_p1_cp149,53.73382727287092,1.0,head
h_p1_cp150,53.72471321242623,1.0,head
h_p1_cp151,53.72975722449155,1.0,head
h_p1_cp152,53.71995849473533,1.0,head
h_p1_cp153,53.725952101942234,1.0,head
h_p1_cp154,53.715852972666156,1.0,head
h_p1_cp155,53.72249348118551,1.0,head
h_p2_cp0,105.19573586450299,1.0,head
h_p2_cp1,105.29355922686484,1.0,head
h_p2_cp2,105.19760402839695,1.0,head
h_p2_cp3,105.29673503590158,1.0,head
h_p2_cp4,105.1997592173723,1.0,head
h_p2_cp5,105.30040648322166,1.0,head
h_p2_cp6,105.20219324058672,1.0,head
h_p2_cp7,105.30457226612329,1.0,head
h_p2_cp8,105.20489886686832,1.0,head
h_p2_cp9,105.30923951087014,1.0,head
h_p2_cp10,105.20787041395307,1.0,head
h_p2_cp11,105.31442527488262,1.0,head
h_p2_cp12,105.21110424849017,1.0,head
h_p2_cp13,105.32015723904654,1.0,head
h_p2_cp14,105.21459915933514,1.0,head
h_p2_cp15,105.32647397074267,1.0,head
h_p2_cp16,105.2183565816579,1.0,head
h_p2_cp17,105.3334255302161,1.0,head
h_p2_cp18,105.2223806674698,1.0,head
h_p2_cp19,105.34107546912186,1.0,head
h_p2_cp20,105.22667821425911,1.0,head
h_p2_cp21,105.34950557540942,1.0,head
h_p2_cp22,105.23125847109671,1.0,head
h_p2_cp23,105.35882533677007,1.0,head
h_p2_cp24,105.23613283359272,1.0,head
h_p2_cp25,105.36918942593063,1.0,head
h_p2_cp26,105.24131440576134,1.0,head
h_p2_cp27,105.38082905269633,1.0,head
h_p2_cp28,105.24681733051838,1.0,head
h_p2_cp29,105.39410658488981,1.0,head
h_p2_cp30,105.25265563544588,1.0,head
h_p2_cp31,105.40960024656074,1.0,head
h_p2_cp32,105.25884103761437,1.0,head
h_p2_cp33,105.4281639597468,1.0,head
h_p2_cp34,105.26537858137335,1.0,head
h_p2_cp35,105.45046460915056,1.0,head
h_p2_cp36,105.27225798308724,1.0,head
h_p2_cp37,105.47283743594028,1.0,head
h_p2_cp38,105.27943706056796,1.0,head
h_p2_cp39,105.46115818561206,1.0,head
h_p2_cp40,105.2868123138493,1.0,head
h_p2_cp41,105.44950038935633,1.0,head
h_p2_cp42,105.2941741748803,1.0,head
h_p2_cp43,105.44147644922816,1.0,head
h_p2_cp44,105.3011622576171,1.0,head
h_p2_cp45,105.43636402367643,1.0,head
h_p2_cp46,105.30729333626347,1.0,head
h_p2_cp47,105.43324950506317,1.0,head
h_p2_cp48,105.31223174051901,1.0,head
h_p2_cp49,105.43148984272823,1.0,head
h_p2_cp50,105.31633282721118,1.0,head
h_p2_cp51,105.43065162616442,1.0,head
h_p2_cp52,105.32009843342483,1.0,head
h_p2_cp53,105.43042444234531,1.0,head
h_p2_cp54,105.32390484526634,1.0,head
h_p2_cp55,105.43056271124239,1.0,head
h_p2_cp56,105.32797175163975,1.0,head
h_p2_cp57,105.43084928379903,1.0,head
h_p2_cp58,105.33240084306182,1.0,head
h_p2_cp59,105.43107369575554,1.0,head
h_p2_cp60,105.33720830808211,1.0,head
h_p2_cp61,105.43102490142887,1.0,head
h_p2_cp62,105.34233077599022,1.0,head
h_p2_cp63,105.43050344773576,1.0,head
h_p2_cp64,105.34760024801126,1.0,head
h_p2_cp65,105.42935690858876,1.0,head
h_p2_cp66,105.35268951573764,1.0,head
h_p2_cp67,105.42752882366597,1.0,head
h_p2_cp68,105.35705352926112,1.0,head
h_p2_cp69,105.42508629777413,1.0,head
h_p2_cp70,105.35997204049703,1.0,head
h_p2_cp71,105.42218891151921,1.0,head
h_p2_cp72,105.36093528392693,1.0,head
h_p2_cp73,105.41903499495636,1.0,head
h_p2_cp74,105.36041682850382,1.0,head
h_p2_cp75,105.41581909618024,1.0,head
h_p2_cp76,105.3591044772071,1.0,head
h_p2_cp77,105.41270968468788,1.0,head
h_p2_cp78,105.35751804031021,1.0,head
h_p2_cp79,105.40984237115691,1.0,head
h_p2_cp80,105.19850971748969,1.0,head
h_p2_cp81,105.36298578179635,1.0,head
h_p2_cp82,105.20174260072703,1.0,head
h_p2_cp83,105.36885628459312,1.0,head
h_p2_cp84,105.20543258051372,1.0,head
h_p2_cp85,105.37462063369742,1.0,head
h_p2_cp86,105.20957685073708,1.0,head
h_p2_cp87,105.37960797302121,1.0,head
h_p2_cp88,105.21417128422307,1.0,head
h_p2_cp89,105.38337530239957,1.0,head
h_p2_cp90,105.21920975102375,1.0,head
h_p2_cp91,105.38648891862589,1.0,head
h_p2_cp92,105.22468304931243,1.0,head
h_p2_cp93,105.389771756359,1.0,head
h_p2_cp94,105.23057720421912,1.0,head
h_p2_cp95,105.3939512059469,1.0,head
h_p2_cp96,105.23687076989832,1.0,head
h_p2_cp97,105.39966772956298,1.0,head
h_p2_cp98,105.24353063151405,1.0,head
h_p2_cp99,105.40757222857582,1.0,head
h_p2_cp100,105.25050570338357,1.0,head
h_p2_cp101,105.41812349661772,1.0,head
h_p2_cp102,105.25771803343017,1.0,head
h_p2_cp103,105.42925114892024,1.0,head
h_p2_cp104,105.26505158165065,1.0,head
h_p2_cp105,105.4213862630711,1.0,head
h_p2_cp106,105.27234117822857,1.0,head
h_p2_cp107,105.41408769998779,1.0,head
h_p2_cp108,105.27936900764466,1.0,head
h_p2_cp109,105.40943206351008,1.0,head
h_p2_cp110,105.28588340897153,1.0,head
h_p2_cp111,105.40700723824457,1.0,head
h_p2_cp112,105.29165896775712,1.0,head
h_p2_cp113,105.40628976508339,1.0,head
h_p2_cp114,105.29659800424604,1.0,head
h_p2_cp115,105.40690778084674,1.0,head
h_p2_cp116,105.3008057340554,1.0,head
h_p2_cp117,105.40860227814895,1.0,head
h_p2_cp118,105.30451610153888,1.0,head
h_p2_cp119,105.41117183860618,1.0,head
h_p2_cp120,105.30798944326206,1.0,head
h_p2_cp121,105.41443186007581,1.0,head
h_p2_cp122,105.31144635076461,1.0,head
h_p2_cp123,105.41818447919248,1.0,head
h_p2_cp124,105.31503026948168,1.0,head
h_p2_cp125,105.42219592928214,1.0,head
h_p2_cp126,105.31876413205389,1.0,head
h_p2_cp127,105.42618462405409,1.0,head
h_p2_cp128,105.32245768462997,1.0,head
h_p2_cp129,105.42983170968729,1.0,head
h_p2_cp130,105.32553000792909,1.0,head
h_p2_cp131,105.43283066378653,1.0,head
h_p2_cp132,105.32682956050267,1.0,head
h_p2_cp133,105.43497560164924,1.0,head
h_p2_cp134,105.32508288262156,1.0,head
h_p2_cp135,105.43622545085425,1.0,head
h_p2_cp136,105.32158388897213,1.0,head
h_p2_cp137,105.43663135487583,1.0,head
h_p2_cp138,105.31751097239953,1.0,head
h_p2_cp139,105.43624716925356,1.0,head
h_p2_cp140,105.31348587146421,1.0,head
h_p2_cp141,105.43509359836396,1.0,head
h_p2_cp142,105.30976331098883,1.0,head
h_p2_cp143,105.43318076668639,1.0,head
h_p2_cp144,105.30642030115297,1.0,head
h_p2_cp145,105.43056265127007,1.0,head
h_p2_cp146,105.30346051057091,1.0,head
h_p2_cp147,105.42737574145342,1.0,head
h_p2_cp148,105.3008620010479,1.0,head
h_p2_cp149,105.42381869646901,1.0,head
h_p2_cp150,105.29859694273414,1.0,head
h_p2_cp151,105.42010740310803,1.0,head
h_p2_cp152,105.29663902634343,1.0,head
h_p2_cp153,105.41643929246943,1.0,head
h_p2_cp154,105.2949658290966,1.0,head
h_p2_cp155,105.41297634302792,1.0,head
h_p3_cp0,159.0155876334227,1.0,head
h_p3_cp1,159.131921203797,1.0,head
h_p3_cp2,159.01780532504097,1.0,head
h_p3_cp3,159.13558928840098,1.0,head
h_p3_cp4,159.02036668702033,1.0,head
h_p3_cp5,159.1398234655632,1.0,head
h_p3_cp6,159.02326300715131,1.0,head
h_p3_cp7,159.14462184786342,1.0,head
h_p3_cp8,159.02648669212144,1.0,head
h_p3_cp9,159.14999326997744,1.0,head
h_p3_cp10,159.03003206136268,1.0,head
h_p3_cp11,159.15595902413955,1.0,head
h_p3_cp12,159.03389606065906,1.0,head
h_p3_cp13,159.16255354287912,1.0,head
h_p3_cp14,159.0380788123563,1.0,head
h_p3_cp15,159.16982451916041,1.0,head
h_p3_cp16,159.04258394213724,1.0,head
h_p3_cp17,159.17783343179423,1.0,head
h_p3_cp18,159.04741866102287,1.0,head
h_p3_cp19,159.18665776545595,1.0,head
h_p3_cp20,159.05259362203304,1.0,head
h_p3_cp21,159.1963965619436,1.0,head
h_p3_cp22,159.05812259604798,1.0,head
h_p3_cp23,159.20718166431587,1.0,head
h_p3_cp24,159.06402200236215,1.0,head
h_p3_cp25,159.2191986061951,1.0,head
h_p3_cp26,159.07031026765773,1.0,head
h_p3_cp27,159.23272415369837,1.0,head
h_p3_cp28,159.0770068458684,1.0,head
h_p3_cp29,159.24819178915163,1.0,head
h_p3_cp30,159.08413045812915,1.0,head
h_p3_cp31,159.26629331730453,1.0,head
h_p3_cp32,159.09169560148607,1.0,head
h_p3_cp33,159.28805058465153,1.0,head
h_p3_cp34,159.0997054367137,1.0,head
h_p3_cp35,159.31425919526123,1.0,head
h_p3_cp36,159.1081375296066,1.0,head
h_p3_cp37,159.34050760820426,1.0,head
h_p3_cp38,159.11691647065285,1.0,head
h_p3_cp39,159.32577857015525,1.0,head
h_p3_cp40,159.12586525122097,1.0,head
h_p3_cp41,159.31101039447174,1.0,head
h_p3_cp42,159.13463132346897,1.0,head
h_p3_cp43,159.30053432786383,1.0,head
h_p3_cp44,159.14261265883457,1.0,head
h_p3_cp45,159.29347224250574,1.0,head
h_p3_cp46,159.14900383685057,1.0,head
h_p3_cp47,159.28871746323065,1.0,head
h_p3_cp48,159.15324226907282,1.0,head
h_p3_cp49,159.28549185733323,1.0,head
h_p3_cp50,159.15590536118899,1.0,head
h_p3_cp51,159.28327539526288,1.0,head
h_p3_cp52,159.15781240730823,1.0,head
h_p3_cp53,159.28170532351427,1.0,head
h_p3_cp54,159.15957691946494,1.0,head
h_p3_cp55,159.28050967640038,1.0,head
h_p3_cp56,159.16155783478067,1.0,head
h_p3_cp57,159.27946630066018,1.0,head
h_p3_cp58,159.163928155285,1.0,head
h_p3_cp59,159.2783776580175,1.0,head
h_p3_cp60,159.16673846027254,1.0,head
h_p3_cp61,159.2770593647006,1.0,head
h_p3_cp62,159.1699457937788,1.0,head
h_p3_cp63,159.27534602410714,1.0,head
h_p3_cp64,159.17340624213185,1.0,head
h_p3_cp65,159.27311742794674,1.0,head
h_p3_cp66,159.1768364975194,1.0,head
h_p3_cp67,159.27033695117004,1.0,head
h_p3_cp68,159.1797686437758,1.0,head
h_p3_cp69,159.26707308332072,1.0,head
h_p3_cp70,159.18158788112905,1.0,head
h_p3_cp71,159.2634728947076,1.0,head
h_p3_cp72,159.18185602890463,1.0,head
h_p3_cp73,159.25971692376325,1.0,head
h_p3_cp74,159.1809580451257,1.0,head
h_p3_cp75,159.25598328741043,1.0,head
h_p3_cp76,159.17946027369962,1.0,head
h_p3_cp77,159.25242847678234,1.0,head
h_p3_cp78,159.17779152316578,1.0,head
h_p3_cp79,159.2491810069829,1.0,head
h_p3_cp80,159.0188609956951,1.0,head
h_p3_cp81,159.18364834504416,1.0,head
h_p3_cp82,159.0226772706922,1.0,head
h_p3_cp83,159.190064391664,1.0,head
h_p3_cp84,159.0270347182348,1.0,head
h_p3_cp85,159.1966229259544,1.0,head
h_p3_cp86,159.03193095018003,1.0,head
h_p3_cp87,159.20277758642305,1.0,head
h_p3_cp88,159.03736244700494,1.0,head
h_p3_cp89,159.20818083906994,1.0,head
h_p3_cp90,159.04332371576783,1.0,head
h_p3_cp91,159.21334124089975,1.0,head
h_p3_cp92,159.04980591861954,1.0,head
h_p3_cp93,159.21900236404113,1.0,head
h_p3_cp94,159.05679471000022,1.0,head
h_p3_cp95,159.22586166333684,1.0,head
h_p3_cp96,159.06426688152612,1.0,head
h_p3_cp97,159.23459789753133,1.0,head
h_p3_cp98,159.07218523765243,1.0,head
h_p3_cp99,159.24596665868665,1.0,head
h_p3_cp100,159.08049098444312,1.0,head
h_p3_cp101,159.26051896207431,1.0,head
h_p3_cp102,159.08909302832558,1.0,head
h_p3_cp103,159.2756458024063,1.0,head
h_p3_cp104,159.09785447862626,1.0,head
h_p3_cp105,159.26674997558888,1.0,head
h_p3_cp106,159.10657934350874,1.0,head
h_p3_cp107,159.25842282594778,1.0,head
h_p3_cp108,159.11500826043493,1.0,head
h_p3_cp109,159.2532798303706,1.0,head
h_p3_cp110,159.12284110874822,1.0,head
h_p3_cp111,159.25080752480537,1.0,head
h_p3_cp112,159.12980943339267,1.0,head
h_p3_cp113,159.25035176671562,1.0,head
h_p3_cp114,159.13579885379696,1.0,head
h_p3_cp115,159.25143913935676,1.0,head
h_p3_cp116,159.14093975047956,1.0,head
h_p3_cp117,159.2537504823772,1.0,head
h_p3_cp118,159.14551776859008,1.0,head
h_p3_cp119,159.25702978776528,1.0,head
h_p3_cp120,159.14985045884012,1.0,head
h_p3_cp121,159.26104126336537,1.0,head
h_p3_cp122,159.15420871357216,1.0,head
h_p3_cp123,159.26553118144605,1.0,head
h_p3_cp124,159.15875881104816,1.0,head
h_p3_cp125,159.2701995007967,1.0,head
h_p3_cp126,159.1635332836938,1.0,head
h_p3_cp127,159.27468598652754,1.0,head
h_p3_cp128,159.16828093105616,1.0,head
h_p3_cp129,159.27858654467025,1.0,head
h_p3_cp130,159.17225027311846,1.0,head
h_p3_cp131,159.28152172194171,1.0,head
h_p3_cp132,159.17395880967794,1.0,head
h_p3_cp133,159.28325677407642,1.0,head
h_p3_cp134,159.17176865249237,1.0,head
h_p3_cp135,159.28378980698,1.0,head
h_p3_cp136,159.1673364175786,1.0,head
h_p3_cp137,159.28325796189424,1.0,head
h_p3_cp138,159.16217136586056,1.0,head
h_p3_cp139,159.28181707675796,1.0,head
h_p3_cp140,159.1570693706833,1.0,head
h_p3_cp141,159.27958424532463,1.0,head
h_p3_cp142,159.15235591848878,1.0,head
h_p3_cp143,159.2766472174707,1.0,head
h_p3_cp144,159.14812867185648,1.0,head
h_p3_cp145,159.2731100902707,1.0,head
h_p3_cp146,159.1443911925164,1.0,head
h_p3_cp147,159.26912932775306,1.0,head
h_p3_cp148,159.141114146063,1.0,head
h_p3_cp149,159.26490119485183,1.0,head
h_p3_cp150,159.13826067457603,1.0,head
h_p3_cp151,159.26062797697182,1.0,head
h_p3_cp152,159.13579603681097,1.0,head
h_p3_cp153,159.25649087142654,1.0,head
h_p3_cp154,159.13369075767778,1.0,head
h_p3_cp155,159.25263755188698,1.0,head
h_p4_cp0,221.2349834702657,1.0,head
h_p4_cp1,221.34653345713681,1.0,head
h_p4_cp2,221.23690754332702,1.0,head
h_p4_cp3,221.3492377287883,1.0,head
h_p4_cp4,221.2391381853991,1.0,head
h_p4_cp5,221.35233349099929,1.0,head
h_p4_cp6,221.2416721110896,1.0,head
h_p4_cp7,221.35581660656712,1.0,head
h_p4_cp8,221.24450746837374,1.0,head
h_p4_cp9,221.35969662108408,1.0,head
h_p4_cp10,221.24764445029572,1.0,head
h_p4_cp11,221.363998839222,1.0,head
h_p4_cp12,221.2510858121442,1.0,head
h_p4_cp13,221.3687647762011,1.0,head
h_p4_cp14,221.25483724425644,1.0,head
h_p4_cp15,221.3740515385112,1.0,head
h_p4_cp16,221.25890757451134,1.0,head
h_p4_cp17,221.37993128317652,1.0,head
h_p4_cp18,221.26330880375562,1.0,head
h_p4_cp19,221.3864922315711,1.0,head
h_p4_cp20,221.2680560005413,1.0,head
h_p4_cp21,221.39384297490568,1.0,head
h_p4_cp22,221.27316708619784,1.0,head
h_p4_cp23,221.40212239830507,1.0,head
h_p4_cp24,221.27866251620688,1.0,head
h_p4_cp25,221.41151897390864,1.0,head
h_p4_cp26,221.28456479687327,1.0,head
h_p4_cp27,221.4223060121688,1.0,head
h_p4_cp28,221.2908976450026,1.0,head
h_p4_cp29,221.4349034871525,1.0,head
h_p4_cp30,221.297684352432,1.0,head
h_p4_cp31,221.44997411401386,1.0,head
h_p4_cp32,221.30494445240478,1.0,head
h_p4_cp33,221.46849126058163,1.0,head
h_p4_cp34,221.31268691336834,1.0,head
h_p4_cp35,221.49121349020336,1.0,head
h_p4_cp36,221.32089654634854,1.0,head
h_p4_cp37,221.5139782801344,1.0,head
h_p4_cp38,221.32950799091117,1.0,head
h_p4_cp39,221.49803375526326,1.0,head
h_p4_cp40,221.3383595993424,1.0,head
h_p4_cp41,221.48206935382427,1.0,head
h_p4_cp42,221.34712336595737,1.0,head
h_p4_cp43,221.4701845232295,1.0,head
h_p4_cp44,221.3552349214114,1.0,head
h_p4_cp45,221.4615567505778,1.0,head
h_p4_cp46,221.36193748187048,1.0,head
h_p4_cp47,221.4551483122087,1.0,head
h_p4_cp48,221.36670552155795,1.0,head
h_p4_cp49,221.45023293861664,1.0,head
h_p4_cp50,221.37009626138328,1.0,head
h_p4_cp51,221.44632945677483,1.0,head
h_p4_cp52,221.37289715836263,1.0,head
h_p4_cp53,221.44310668923296,1.0,head
h_p4_cp54,221.37570043863428,1.0,head
h_p4_cp55,221.4403208059088,1.0,head
h_p4_cp56,221.37885541034254,1.0,head
h_p4_cp57,221.43777676333298,1.0,head
h_p4_cp58,221.38253066861654,1.0,head
h_p4_cp59,221.4353044525773,1.0,head
h_p4_cp60,221.38676842891107,1.0,head
h_p4_cp61,221.43274722280358,1.0,head
h_p4_cp62,221.39150040854727,1.0,head
h_p4_cp63,221.42996558136142,1.0,head
h_p4_cp64,221.39652019904506,1.0,head
h_p4_cp65,221.42685864199356,1.0,head
h_p4_cp66,221.40141538651454,1.0,head
h_p4_cp67,221.42339630113239,1.0,head
h_p4_cp68,221.40549311483827,1.0,head
h_p4_cp69,221.41963717278387,1.0,head
h_p4_cp70,221.40783511628314,1.0,head
h_p4_cp71,221.41570545774445,1.0,head
h_p4_cp72,221.40779352815179,1.0,head
h_p4_cp73,221.41175216680702,1.0,head
h_p4_cp74,221.40598451912328,1.0,head
h_p4_cp75,221.40792459076565,1.0,head
h_p4_cp76,221.40329822904212,1.0,head
h_p4_cp77,221.40435032818507,1.0,head
h_p4_cp78,221.40040658010994,1.0,head
h_p4_cp79,221.4011324409963,1.0,head
h_p4_cp80,221.2378246803629,1.0,head
h_p4_cp81,221.4058110283911,1.0,head
h_p4_cp82,221.24114329229485,1.0,head
h_p4_cp83,221.41144705054364,1.0,head
h_p4_cp84,221.244941286601,1.0,head
h_p4_cp85,221.4166496962233,1.0,head
h_p4_cp86,221.2492205655441,1.0,head
h_p4_cp87,221.4205417758564,1.0,head
h_p4_cp88,221.25398260386413,1.0,head
h_p4_cp89,221.42253292804355,1.0,head
h_p4_cp90,221.25922785021257,1.0,head
h_p4_cp91,221.42332077553993,1.0,head
h_p4_cp92,221.26495472759717,1.0,head
h_p4_cp93,221.4239154767807,1.0,head
h_p4_cp94,221.2711580048656,1.0,head
h_p4_cp95,221.4251742698152,1.0,head
h_p4_cp96,221.27782620758177,1.0,head
h_p4_cp97,221.42779339144093,1.0,head
h_p4_cp98,221.28493761245676,1.0,head
h_p4_cp99,221.4324197533322,1.0,head
h_p4_cp100,221.29245427639074,1.0,head
h_p4_cp101,221.43949436553862,1.0,head
h_p4_cp102,221.30031365563843,1.0,head
h_p4_cp103,221.4471781197613,1.0,head
h_p4_cp104,221.30841807992758,1.0,head
h_p4_cp105,221.43797184787985,1.0,head
h_p4_cp106,221.31662445315027,1.0,head
h_p4_cp107,221.4293678685077,1.0,head
h_p4_cp108,221.3247411182143,1.0,head
h_p4_cp109,221.42321976744566,1.0,head
h_p4_cp110,221.33254584849945,1.0,head
h_p4_cp111,221.41915390271035,1.0,head
h_p4_cp112,221.33984287173843,1.0,head
h_p4_cp113,221.41669623717027,1.0,head
h_p4_cp114,221.34655898467065,1.0,head
h_p4_cp115,221.41550783693566,1.0,head
h_p4_cp116,221.35281468076803,1.0,head
h_p4_cp117,221.41535060897021,1.0,head
h_p4_cp118,221.35885377160963,1.0,head
h_p4_cp119,221.41603847678718,1.0,head
h_p4_cp120,221.36494488903466,1.0,head
h_p4_cp121,221.4174018597568,1.0,head
h_p4_cp122,221.37131312285334,1.0,head
h_p4_cp123,221.4192621100066,1.0,head
h_p4_cp124,221.37808879291163,1.0,head
h_p4_cp125,221.42141285427925,1.0,head
h_p4_cp126,221.38522766962137,1.0,head
h_p4_cp127,221.42361061598785,1.0,head
h_p4_cp128,221.3923381801104,1.0,head
h_p4_cp129,221.4255839677432,1.0,head
h_p4_cp130,221.39835878244696,1.0,head
h_p4_cp131,221.4270743749526,1.0,head
h_p4_cp132,221.4012328794422,1.0,head
h_p4_cp133,221.42790828251196,1.0,head
h_p4_cp134,221.39869673493803,1.0,head
h_p4_cp135,221.4280498575769,1.0,head
h_p4_cp136,221.39302904512164,1.0,head
h_p4_cp137,221.4275437884971,1.0,head
h_p4_cp138,221.38630771949926,1.0,head
h_p4_cp139,221.42644343516594,1.0,head
h_p4_cp140,221.37962939875686,1.0,head
h_p4_cp141,221.42478009279594,1.0,head
h_p4_cp142,221.3734439382094,1.0,head
h_p4_cp143,221.42257683797692,1.0,head
h_p4_cp144,221.36788839228956,1.0,head
h_p4_cp145,221.4198866344275,1.0,head
h_p4_cp146,221.36297100899063,1.0,head
h_p4_cp147,221.41681976232556,1.0,head
h_p4_cp148,221.35865523102188,1.0,head
h_p4_cp149,221.41352935402065,1.0,head
h_p4_cp150,221.35489427328935,1.0,head
h_p4_cp151,221.41017941132841,1.0,head
h_p4_cp152,221.35164403025587,1.0,head
h_p4_cp153,221.4069194159802,1.0,head
h_p4_cp154,221.34886711231977,1.0,head
h_p4_cp155,221.40387226971018,1.0,head
h_p5_cp0,277.2050852244957,1.0,head
h_p5_cp1,277.24507665510816,1.0,head
h_p5_cp2,277.207628104968,1.0,head
h_p5_cp3,277.24716129151017,1.0,head
h_p5_cp4,277.2105843840087,1.0,head
h_p5_cp5,277.24954243718736,1.0,head
h_p5_cp6,277.2139519966996,1.0,head
h_p5_cp7,277.2522115912755,1.0,head
h_p5_cp8,277.2177300893207,1.0,head
h_p5_cp9,277.25516814087956,1.0,head
h_p5_cp10,277.2219193108784,1.0,head
h_p5_cp11,277.2584206598307,1.0,head
h_p5_cp12,277.22652202069975,1.0,head
h_p5_cp13,277.2619871249059,1.0,head
h_p5_cp14,277.2315424284432,1.0,head
h_p5_cp15,277.26589440112053,1.0,head
h_p5_cp16,277.23698669627225,1.0,head
h_p5_cp17,277.27017772212815,1.0,head
h_p5_cp18,277.2428630345392,1.0,head
h_p5_cp19,277.27488108247235,1.0,head
h_p5_cp20,277.2491818085586,1.0,head
h_p5_cp21,277.2800595888943,1.0,head
h_p5_cp22,277.25595564386515,1.0,head
h_p5_cp23,277.28578512865397,1.0,head
h_p5_cp24,277.26319946855756,1.0,head
h_p5_cp25,277.29215750294986,1.0,head
h_p5_cp26,277.2709303538546,1.0,head
h_p5_cp27,277.2993247799272,1.0,head
h_p5_cp28,277.2791668772482,1.0,head
h_p5_cp29,277.3075189138784,1.0,head
h_p5_cp30,277.28792746649714,1.0,head
h_p5_cp31,277.3171110010922,1.0,head
h_p5_cp32,277.2972266507218,1.0,head
h_p5_cp33,277.328650364651,1.0,head
h_p5_cp34,277.30706711516297,1.0,head
h_p5_cp35,277.3425639802125,1.0,head
h_p5_cp36,277.3174236144901,1.0,head
h_p5_cp37,277.35646318747524,1.0,head
h_p5_cp38,277.3282120144034,1.0,head
h_p5_cp39,277.34816509303454,1.0,head
h_p5_cp40,277.33923427399964,1.0,head
h_p5_cp41,277.33980845831,1.0,head
h_p5_cp42,277.3500947424098,1.0,head
h_p5_cp43,277.33373736838365,1.0,head
h_p5_cp44,277.3601164210535,1.0,head
h_p5_cp45,277.3294795608643,1.0,head
h_p5_cp46,277.36839314077906,1.0,head
h_p5_cp47,277.32644005111644,1.0,head
h_p5_cp48,277.3742949368769,1.0,head
h_p5_cp49,277.3242025622858,1.0,head
h_p5_cp50,277.378484128545,1.0,head
h_p5_cp51,277.32249161637,1.0,head
h_p5_cp52,277.3818975224038,1.0,head
h_p5_cp53,277.3211182168729,1.0,head
h_p5_cp54,277.3852386127245,1.0,head
h_p5_cp55,277.319944096937,1.0,head
h_p5_cp56,277.38892113269554,1.0,head
h_p5_cp57,277.31885967958294,1.0,head
h_p5_cp58,277.3931445233091,1.0,head
h_p5_cp59,277.31777035162463,1.0,head
h_p5_cp60,277.39796127718535,1.0,head
h_p5_cp61,277.31658972538116,1.0,head
h_p5_cp62,277.4033007346492,1.0,head
h_p5_cp63,277.3152415225911,1.0,head
h_p5_cp64,277.40894468487926,1.0,head
h_p5_cp65,277.31367159980664,1.0,head
h_p5_cp66,277.4144593867935,1.0,head
h_p5_cp67,277.3118661372692,1.0,head
h_p5_cp68,277.4191198050373,1.0,head
h_p5_cp69,277.30986180260203,1.0,head
h_p5_cp70,277.4219673150893,1.0,head
h_p5_cp71,277.307732636318,1.0,head
h_p5_cp72,277.42232312302133,1.0,head
h_p5_cp73,277.30556802649335,1.0,head
h_p5_cp74,277.4208164464766,1.0,head
h_p5_cp75,277.30345530358187,1.0,head
h_p5_cp76,277.4183612975142,1.0,head
h_p5_cp77,277.30147054767883,1.0,head
h_p5_cp78,277.4156479442188,1.0,head
h_p5_cp79,277.29967569195645,1.0,head
h_p5_cp80,277.2066523469132,1.0,head
h_p5_cp81,277.42059845505327,1.0,head
h_p5_cp82,277.20848159488384,1.0,head
h_p5_cp83,277.4256927869776,1.0,head
h_p5_cp84,277.21057391920914,1.0,head
h_p5_cp85,277.43025157596884,1.0,head
h_p5_cp86,277.2129298790601,1.0,head
h_p5_cp87,277.4333802464256,1.0,head
h_p5_cp88,277.21554937638723,1.0,head
h_p5_cp89,277.43448756848346,1.0,head
h_p5_cp90,277.21843134187014,1.0,head
h_p5_cp91,277.4343249809025,1.0,head
h_p5_cp92,277.22157327511763,1.0,head
h_p5_cp93,277.43398467623933,1.0,head
h_p5_cp94,277.22497047378494,1.0,head
h_p5_cp95,277.43442986162364,1.0,head
h_p5_cp96,277.228614715729,1.0,head
h_p5_cp97,277.4365042993029,1.0,head
h_p5_cp98,277.2324920953933,1.0,head
h_p5_cp99,277.4410604612104,1.0,head
h_p5_cp100,277.23657968759227,1.0,head
h_p5_cp101,277.44870013269514,1.0,head
h_p5_cp102,277.24084080342595,1.0,head
h_p5_cp103,277.4567555195435,1.0,head
h_p5_cp104,277.24521903014255,1.0,head
h_p5_cp105,277.4399425212004,1.0,head
h_p5_cp106,277.2496324413434,1.0,head
h_p5_cp107,277.42354597037416,1.0,head
h_p5_cp108,277.2539719122782,1.0,head
h_p5_cp109,277.41025686419937,1.0,head
h_p5_cp110,277.2581113761639,1.0,head
h_p5_cp111,277.3995523162416,1.0,head
h_p5_cp112,277.26194002291487,1.0,head
h_p5_cp113,277.39076955178456,1.0,head
h_p5_cp114,277.2654164347805,1.0,head
h_p5_cp115,277.3834479036775,1.0,head
h_p5_cp116,277.26860880576015,1.0,head
h_p5_cp117,277.37728210052603,1.0,head
h_p5_cp118,277.2716560605376,1.0,head
h_p5_cp119,277.37205582310037,1.0,head
h_p5_cp120,277.27471289265986,1.0,head
h_p5_cp121,277.3675960144054,1.0,head
h_p5_cp122,277.2779107137262,1.0,head
h_p5_cp123,277.3637429570086,1.0,head
h_p5_cp124,277.2813261033404,1.0,head
h_p5_cp125,277.3603303439017,1.0,head
h_p5_cp126,277.2849288129059,1.0,head
h_p5_cp127,277.3571747519644,1.0,head
h_p5_cp128,277.2884689942479,1.0,head
h_p5_cp129,277.35407970691756,1.0,head
h_p5_cp130,277.2912676096885,1.0,head
h_p5_cp131,277.35086284446646,1.0,head
h_p5_cp132,277.2920054853338,1.0,head
h_p5_cp133,277.34740547337555,1.0,head
h_p5_cp134,277.2892313984898,1.0,head
h_p5_cp135,277.34368902659634,1.0,head
h_p5_cp136,277.2844284696861,1.0,head
h_p5_cp137,277.33975497694945,1.0,head
h_p5_cp138,277.2789506617053,1.0,head
h_p5_cp139,277.33565400623223,1.0,head
h_p5_cp140,277.27351826481805,1.0,head
h_p5_cp141,277.3314225126951,1.0,head
h_p5_cp142,277.2684334395425,1.0,head
h_p5_cp143,277.3270883887725,1.0,head
h_p5_cp144,277.26379577822854,1.0,head
h_p5_cp145,277.322692699089,1.0,head
h_p5_cp146,277.25962098495575,1.0,head
h_p5_cp147,277.3183060336312,1.0,head
h_p5_cp148,277.2558950492679,1.0,head
h_p5_cp149,277.31402115006034,1.0,head
h_p5_cp150,277.25259652087465,1.0,head
h_p5_cp151,277.3099354930486,1.0,head
h_p5_cp152,277.2497047926012,1.0,head
h_p5_cp153,277.306137241362,1.0,head
h_p5_cp154,277.2472026561656,1.0,head
h_p5_cp155,277.30269875261195,1.0,head
h_p6_cp0,326.02734570716154,1.0,head
h_p6_cp1,326.1384997234579,1.0,head
h_p6_cp2,326.02980438709073,1.0,head
h_p6_cp3,326.1419214683613,1.0,head
h_p6_cp4,326.03266285555566,1.0,head
h_p6_cp5,326.1458661671587,1.0,head
h_p6_cp6,326.03591766679824,1.0,head
h_p6_cp7,326.1503311567271,1.0,head
h_p6_cp8,326.03956594003444,1.0,head
h_p6_cp9,326.1553248925949,1.0,head
h_p6_cp10,326.043605770619,1.0,head
h_p6_cp11,326.1608687307057,1.0,head
h_p6_cp12,326.04803660959396,1.0,head
h_p6_cp13,326.1669975152993,1.0,head
h_p6_cp14,326.0528595709764,1.0,head
h_p6_cp15,326.1737594729875,1.0,head
h_p6_cp16,326.05807763751926,1.0,head
h_p6_cp17,326.18121642420033,1.0,head
h_p6_cp18,326.06369575291615,1.0,head
h_p6_cp19,326.1894456489364,1.0,head
h_p6_cp20,326.0697208053978,1.0,head
h_p6_cp21,326.1985450694486,1.0,head
h_p6_cp22,326.0761615167355,1.0,head
h_p6_cp23,326.20864409883427,1.0,head
h_p6_cp24,326.0830282439192,1.0,head
h_p6_cp25,326.2199240420229,1.0,head
h_p6_cp26,326.09033266875144,1.0,head
h_p6_cp27,326.2326549171943,1.0,head
h_p6_cp28,326.09808727740585,1.0,head
h_p6_cp29,326.2472597597303,1.0,head
h_p6_cp30,326.1063043856487,1.0,head
h_p6_cp31,326.26441442244663,1.0,head
h_p6_cp32,326.114994183318,1.0,head
h_p6_cp33,326.2851180980299,1.0,head
h_p6_cp34,326.1241607437487,1.0,head
h_p6_cp35,326.31014768864003,1.0,head
h_p6_cp36,326.13379401840206,1.0,head
h_p6_cp37,326.33517064019617,1.0,head
h_p6_cp38,326.1438544511548,1.0,head
h_p6_cp39,326.31993583463816,1.0,head
h_p6_cp40,326.1542456318889,1.0,head
h_p6_cp41,326.30460854694246,1.0,head
h_p6_cp42,326.1647726865727,1.0,head
h_p6_cp43,326.2934350008395,1.0,head
h_p6_cp44,326.1751006465626,1.0,head
h_p6_cp45,326.28555167472894,1.0,head
h_p6_cp46,326.1847803502569,1.0,head
h_p6_cp47,326.2798735543377,1.0,head
h_p6_cp48,326.1934994843413,1.0,head
h_p6_cp49,326.27564201951907,1.0,head
h_p6_cp50,326.2015871837154,1.0,head
h_p6_cp51,326.2723573377991,1.0,head
h_p6_cp52,326.2095076906717,1.0,head
h_p6_cp53,326.2696816205386,1.0,head
h_p6_cp54,326.2176067764981,1.0,head
h_p6_cp55,326.26737553270414,1.0,head
h_p6_cp56,326.22608123388693,1.0,head
h_p6_cp57,326.2652596225555,1.0,head
h_p6_cp58,326.2350115119347,1.0,head
h_p6_cp59,326.26318983052664,1.0,head
h_p6_cp60,326.24438584954066,1.0,head
h_p6_cp61,326.261043701598,1.0,head
h_p6_cp62,326.25409443200766,1.0,head
h_p6_cp63,326.25871883506886,1.0,head
h_p6_cp64,326.26388626267806,1.0,head
h_p6_cp65,326.2561454040396,1.0,head
h_p6_cp66,326.2732886076572,1.0,head
h_p6_cp67,326.253307551326,1.0,head
h_p6_cp68,326.2815231091375,1.0,head
h_p6_cp69,326.2502551375736,1.0,head
h_p6_cp70,326.2875654275656,1.0,head
h_p6_cp71,326.24708587117146,1.0,head
h_p6_cp72,326.2906871689442,1.0,head
h_p6_cp73,326.2439163487335,1.0,head
h_p6_cp74,326.2915416371857,1.0,head
h_p6_cp75,326.24085944437167,1.0,head
h_p6_cp76,326.2910854558511,1.0,head
h_p6_cp77,326.23801257807855,1.0,head
h_p6_cp78,326.2900428677409,1.0,head
h_p6_cp79,326.23545425945264,1.0,head
h_p6_cp80,326.02968800439095,1.0,head
h_p6_cp81,326.29730109290443,1.0,head
h_p6_cp82,326.0324213567627,1.0,head
h_p6_cp83,326.30508547218994,1.0,head
h_p6_cp84,326.0355457338032,1.0,head
h_p6_cp85,326.3126990784483,1.0,head
h_p6_cp86,326.03906102072784,1.0,head
h_p6_cp87,326.3192243444513,1.0,head
h_p6_cp88,326.0429668146673,1.0,head
h_p6_cp89,326.32407398647314,1.0,head
h_p6_cp90,326.0472620323409,1.0,head
h_p6_cp91,326.32809452061974,1.0,head
h_p6_cp92,326.05194424138205,1.0,head
h_p6_cp93,326.3325217612875,1.0,head
h_p6_cp94,326.05700859096095,1.0,head
h_p6_cp95,326.33850711059216,1.0,head
h_p6_cp96,326.0624461614338,1.0,head
h_p6_cp97,326.3471615412479,1.0,head
h_p6_cp98,326.0682414792167,1.0,head
h_p6_cp99,326.35971496515225,1.0,head
h_p6_cp100,326.07436888255035,1.0,head
h_p6_cp101,326.3770596185364,1.0,head
h_p6_cp102,326.0807874789176,1.0,head
h_p6_cp103,326.39492244742155,1.0,head
h_p6_cp104,326.08743485639275,1.0,head
h_p6_cp105,326.3730960098642,1.0,head
h_p6_cp106,326.094220985876,1.0,head
h_p6_cp107,326.35176334620706,1.0,head
h_p6_cp108,326.10102652922006,1.0,head
h_p6_cp109,326.33519683846754,1.0,head
h_p6_cp110,326.10771405088747,1.0,head
h_p6_cp111,326.3225623880825,1.0,head
h_p6_cp112,326.11416303795636,1.0,head
h_p6_cp113,326.312805119687,1.0,head
h_p6_cp114,326.1203287497619,1.0,head
h_p6_cp115,326.3051930293797,1.0,head
h_p6_cp116,326.12628578732273,1.0,head
h_p6_cp117,326.2992432994174,1.0,head
h_p6_cp118,326.13218519887823,1.0,head
h_p6_cp119,326.2946178539268,1.0,head
h_p6_cp120,326.1381938447845,1.0,head
h_p6_cp121,326.29105262008915,1.0,head
h_p6_cp122,326.1444505199114,1.0,head
h_p6_cp123,326.2883125420793,1.0,head
h_p6_cp124,326.15102852842983,1.0,head
h_p6_cp125,326.2861626642926,1.0,head
h_p6_cp126,326.1578717272151,1.0,head
h_p6_cp127,326.2843527488088,1.0,head
h_p6_cp128,326.16465540370433,1.0,head
h_p6_cp129,326.28262050174203,1.0,head
h_p6_cp130,326.1705281472142,1.0,head
h_p6_cp131,326.28072273703776,1.0,head
h_p6_cp132,326.17385213436495,1.0,head
h_p6_cp133,326.2784932640968,1.0,head
h_p6_cp134,326.1728273729129,1.0,head
h_p6_cp135,326.27588565447445,1.0,head
h_p6_cp136,326.16926115468874,1.0,head
h_p6_cp137,326.2729264758801,1.0,head
h_p6_cp138,326.1648021238788,1.0,head
h_p6_cp139,326.26965608393175,1.0,head
h_p6_cp140,326.16032027396176,1.0,head
h_p6_cp141,326.26610185898045,1.0,head
h_p6_cp142,326.1561722483864,1.0,head
h_p6_cp143,326.26228642763465,1.0,head
h_p6_cp144,326.1524663529458,1.0,head
h_p6_cp145,326.25825490042365,1.0,head
h_p6_cp146,326.14920861815517,1.0,head
h_p6_cp147,326.25409467244043,1.0,head
h_p6_cp148,326.14636953227165,1.0,head
h_p6_cp149,326.24992448168746,1.0,head
h_p6_cp150,326.1439115560917,1.0,head
h_p6_cp151,326.2458706224826,1.0,head
h_p6_cp152,326.14179942658865,1.0,head
h_p6_cp153,326.2420480871423,1.0,head
h_p6_cp154,326.1400033957999,1.0,head
h_p6_cp155,326.23855160402735,1.0,head
h_p7_cp0,382.06531671773246,1.0,head
h_p7_cp1,382.153280585278,1.0,head
h_p7_cp2,382.0669285819466,1.0,head
h_p7_cp3,382.1549952120396,1.0,head
h_p7_cp4,382.0687842559557,1.0,head
h_p7_cp5,382.15691537718016,1.0,head
h_p7_cp6,382.07087606720177,1.0,head
h_p7_cp7,382.1590290479395,1.0,head
h_p7_cp8,382.0731977427684,1.0,head
h_p7_cp9,382.16133712439284,1.0,head
h_p7_cp10,382.07574525946484,1.0,head
h_p7_cp11,382.1638553802899,1.0,head
h_p7_cp12,382.0785176169083,1.0,head
h_p7_cp13,382.1666145746887,1.0,head
h_p7_cp14,382.081517448392,1.0,head
h_p7_cp15,382.169659223841,1.0,head
h_p7_cp16,382.0847514046067,1.0,head
h_p7_cp17,382.17304608997637,1.0,head
h_p7_cp18,382.0882302833731,1.0,head
h_p7_cp19,382.17684368338274,1.0,head
h_p7_cp20,382.0919689208522,1.0,head
h_p7_cp21,382.1811341599773,1.0,head
h_p7_cp22,382.0959858865565,1.0,head
h_p7_cp23,382.1860192667629,1.0,head
h_p7_cp24,382.10030301457715,1.0,head
h_p7_cp25,382.1916328312031,1.0,head
h_p7_cp26,382.1049447346088,1.0,head
h_p7_cp27,382.19816411131717,1.0,head
h_p7_cp28,382.1099370071232,1.0,head
h_p7_cp29,382.2058989649249,1.0,head
h_p7_cp30,382.1153053572966,1.0,head
h_p7_cp31,382.2152838401008,1.0,head
h_p7_cp32,382.1210709218534,1.0,head
h_p7_cp33,382.22697110762164,1.0,head
h_p7_cp34,382.12724235523723,1.0,head
h_p7_cp35,382.2414708642255,1.0,head
h_p7_cp36,382.1337995807933,1.0,head
h_p7_cp37,382.2560303337381,1.0,head
h_p7_cp38,382.1406625878884,1.0,head
h_p7_cp39,382.24496137055684,1.0,head
h_p7_cp40,382.14763603504383,1.0,head
h_p7_cp41,382.2339283219798,1.0,head
h_p7_cp42,382.1543250309542,1.0,head
h_p7_cp43,382.22565911109353,1.0,head
h_p7_cp44,382.1600509237401,1.0,head
h_p7_cp45,382.2196168572572,1.0,head
h_p7_cp46,382.1639037630686,1.0,head
h_p7_cp47,382.21511986493033,1.0,head
h_p7_cp48,382.16525034595645,1.0,head
h_p7_cp49,382.21168939753824,1.0,head
h_p7_cp50,382.16475571684276,1.0,head
h_p7_cp51,382.20900375032613,1.0,head
h_p7_cp52,382.16336086087284,1.0,head
h_p7_cp53,382.2068328447402,1.0,head
h_p7_cp54,382.1617733922661,1.0,head
h_p7_cp55,382.20499412631443,1.0,head
h_p7_cp56,382.1604126956616,1.0,head
h_p7_cp57,382.20332472654155,1.0,head
h_p7_cp58,382.1594894231378,1.0,head
h_p7_cp59,382.2016647191764,1.0,head
h_p7_cp60,382.1590805186353,1.0,head
h_p7_cp61,382.1998517728557,1.0,head
h_p7_cp62,382.15916726123237,1.0,head
h_p7_cp63,382.19773157476055,1.0,head
h_p7_cp64,382.1596359382492,1.0,head
h_p7_cp65,382.19518734256155,1.0,head
h_p7_cp66,382.1602479048406,1.0,head
h_p7_cp67,382.1921804382997,1.0,head
h_p7_cp68,382.16060177363784,1.0,head
h_p7_cp69,382.18877328028805,1.0,head
h_p7_cp70,382.16016710057784,1.0,head
h_p7_cp71,382.18510364941733,1.0,head
h_p7_cp72,382.15856744466384,1.0,head
h_p7_cp73,382.1813402819601,1.0,head
h_p7_cp74,382.1561455854589,1.0,head
h_p7_cp75,382.1776477794825,1.0,head
h_p7_cp76,382.153401760592,1.0,head
h_p7_cp77,382.1741683079118,1.0,head
h_p7_cp78,382.15071429290555,1.0,head
h_p7_cp79,382.1710161522462,1.0,head
h_p7_cp80,382.0686534178679,1.0,head
h_p7_cp81,382.15473066486305,1.0,head
h_p7_cp82,382.07254699595916,1.0,head
h_p7_cp83,382.15902981371835,1.0,head
h_p7_cp84,382.07699747509537,1.0,head
h_p7_cp85,382.1632362041046,1.0,head
h_p7_cp86,382.08200445935677,1.0,head
h_p7_cp87,382.1668579801126,1.0,head
h_p7_cp88,382.0875666095127,1.0,head
h_p7_cp89,382.1695725099744,1.0,head
h_p7_cp90,382.0936807272976,1.0,head
h_p7_cp91,382.1717980456529,1.0,head
h_p7_cp92,382.100340263447,1.0,head
h_p7_cp93,382.1741447152366,1.0,head
h_p7_cp94,382.10753296865585,1.0,head
h_p7_cp95,382.1771586023997,1.0,head
h_p7_cp96,382.1152372597197,1.0,head
h_p7_cp97,382.1813302801268,1.0,head
h_p7_cp98,382.12341668591637,1.0,head
h_p7_cp99,382.1871673672548,1.0,head
h_p7_cp100,382.13201173033656,1.0,head
h_p7_cp101,382.1950313696526,1.0,head
h_p7_cp102,382.1409283057217,1.0,head
h_p7_cp103,382.2032981373287,1.0,head
h_p7_cp104,382.15002327446143,1.0,head
h_p7_cp105,382.19659145165315,1.0,head
h_p7_cp106,382.15909023746053,1.0,head
h_p7_cp107,382.190289518181,1.0,head
h_p7_cp108,382.16785516451665,1.0,head
h_p7_cp109,382.18603009054544,1.0,head
h_p7_cp110,382.176001177001,1.0,head
h_p7_cp111,382.18349422167717,1.0,head
h_p7_cp112,382.18324727668,1.0,head
h_p7_cp113,382.1822748765597,1.0,head
h_p7_cp114,382.1894811627921,1.0,head
h_p7_cp115,382.1820837569627,1.0,head
h_p7_cp116,382.1948576136312,1.0,head
h_p7_cp117,382.18272104451205,1.0,head
h_p7_cp118,382.1997015009071,1.0,head
h_p7_cp119,382.18403219035065,1.0,head
h_p7_cp120,382.20437301727264,1.0,head
h_p7_cp121,382.1858761406358,1.0,head
h_p7_cp122,382.2091774618103,1.0,head
h_p7_cp123,382.1881020021476,1.0,head
h_p7_cp124,382.21430577663006,1.0,head
h_p7_cp125,382.190531527288,1.0,head
h_p7_cp126,382.2197517682257,1.0,head
h_p7_cp127,382.1929498314477,1.0,head
h_p7_cp128,382.22513350937146,1.0,head
h_p7_cp129,382.19511323689727,1.0,head
h_p7_cp130,382.2293568278182,1.0,head
h_p7_cp131,382.19678684606845,1.0,head
h_p7_cp132,382.23027537924486,1.0,head
h_p7_cp133,382.19781156708245,1.0,head
h_p7_cp134,382.2255221457336,1.0,head
h_p7_cp135,382.1981527144793,1.0,head
h_p7_cp136,382.2175129018581,1.0,head
h_p7_cp137,382.1978444491362,1.0,head
h_p7_cp138,382.2084509053481,1.0,head
h_p7_cp139,382.1969217926229,1.0,head
h_p7_cp140,382.1995050788621,1.0,head
h_p7_cp141,382.1953945080231,1.0,head
h_p7_cp142,382.1911623480252,1.0,head
h_p7_cp143,382.1932668416097,1.0,head
h_p7_cp144,382.18357937780326,1.0,head
h_p7_cp145,382.1905822921124,1.0,head
h_p7_cp146,382.176776255822,1.0,head
h_p7_cp147,382.18745486062227,1.0,head
h_p7_cp148,382.170724838544,1.0,head
h_p7_cp149,382.18405141876923,1.0,head
h_p7_cp150,382.1653850543242,1.0,head
h_p7_cp151,382.18055385497723,1.0,head
h_p7_cp152,382.16071842478414,1.0,head
h_p7_cp153,382.17712906894224,1.0,head
h_p7_cp154,382.1566923053101,1.0,head
h_p7_cp155,382.1739145926211,1.0,head
h_p8_cp0,439.10625614841115,1.0,head
h_p8_cp1,439.18608127433146,1.0,head
h_p8_cp2,439.108759535984,1.0,head
h_p8_cp3,439.188136305302,1.0,head
h_p8_cp4,439.1116600841192,1.0,head
h_p8_cp5,439.19044492096424,1.0,head
h_p8_cp6,439.1149514291815,1.0,head
h_p8_cp7,439.19299015290414,1.0,head
h_p8_cp8,439.1186286156503,1.0,head
h_p8_cp9,439.19576659327856,1.0,head
h_p8_cp10,439.122688680625,1.0,head
h_p8_cp11,439.1987820469937,1.0,head
h_p8_cp12,439.1271310927424,1.0,head
h_p8_cp13,439.20205722497246,1.0,head
h_p8_cp14,439.1319580327651,1.0,head
h_p8_cp15,439.2056239088236,1.0,head
h_p8_cp16,439.1371745370828,1.0,head
h_p8_cp17,439.2095225380081,1.0,head
h_p8_cp18,439.14278854845656,1.0,head
h_p8_cp19,439.21380031529145,1.0,head
h_p8_cp20,439.1488109198657,1.0,head
h_p8_cp21,439.21851086149815,1.0,head
h_p8_cp22,439.1552553906408,1.0,head
h_p8_cp23,439.2237164409864,1.0,head
h_p8_cp24,439.1621384942141,1.0,head
h_p8_cp25,439.2294941044994,1.0,head
h_p8_cp26,439.1694792527372,1.0,head
h_p8_cp27,439.23594799849167,1.0,head
h_p8_cp28,439.1772983330501,1.0,head
h_p8_cp29,439.24323148116235,1.0,head
h_p8_cp30,439.1856160032869,1.0,head
h_p8_cp31,439.2515816276549,1.0,head
h_p8_cp32,439.1944475819806,1.0,head
h_p8_cp33,439.26134365432694,1.0,head
h_p8_cp34,439.2037938362269,1.0,head
h_p8_cp35,439.27278302238074,1.0,head
h_p8_cp36,439.2136215848195,1.0,head
h_p8_cp37,439.28440230085425,1.0,head
h_p8_cp38,439.2238264348638,1.0,head
h_p8_cp39,439.2823318748692,1.0,head
h_p8_cp40,439.23416664607987,1.0,head
h_p8_cp41,439.2803918982066,1.0,head
h_p8_cp42,439.24416260167186,1.0,head
h_p8_cp43,439.2800287580703,1.0,head
h_p8_cp44,439.25299631608317,1.0,head
h_p8_cp45,439.2809230224069,1.0,head
h_p8_cp46,439.2595742216206,1.0,head
h_p8_cp47,439.28267161668674,1.0,head
h_p8_cp48,439.26313417637414,1.0,head
h_p8_cp49,439.2849750546092,1.0,head
h_p8_cp50,439.26446575793,1.0,head
h_p8_cp51,439.28761220597215,1.0,head
h_p8_cp52,439.26468889362695,1.0,head
h_p8_cp53,439.2904040294336,1.0,head
h_p8_cp54,439.26464521984934,1.0,head
h_p8_cp55,439.29318786830123,1.0,head
h_p8_cp56,439.2648322422929,1.0,head
h_p8_cp57,439.29579971498083,1.0,head
h_p8_cp58,439.2654977699909,1.0,head
h_p8_cp59,439.2980631586039,1.0,head
h_p8_cp60,439.26672846338863,1.0,head
h_p8_cp61,439.29978877313107,1.0,head
h_p8_cp62,439.26849313699665,1.0,head
h_p8_cp63,439.30079146408957,1.0,head
h_p8_cp64,439.2706396448558,1.0,head
h_p8_cp65,439.3009310649196,1.0,head
h_p8_cp66,439.27285305139645,1.0,head
h_p8_cp67,439.30016640798226,1.0,head
h_p8_cp68,439.27460429012206,1.0,head
h_p8_cp69,439.29858597499384,1.0,head
h_p8_cp70,439.2751938674559,1.0,head
h_p8_cp71,439.2963753919526,1.0,head
h_p8_cp72,439.2741258998911,1.0,head
h_p8_cp73,439.2937604049507,1.0,head
h_p8_cp74,439.2718559384189,1.0,head
h_p8_cp75,439.2909615817804,1.0,head
h_p8_cp76,439.2690470132041,1.0,head
h_p8_cp77,439.2881704836468,1.0,head
h_p8_cp78,439.26619980557723,1.0,head
h_p8_cp79,439.2855423375825,1.0,head
h_p8_cp80,439.109131240272,1.0,head
h_p8_cp81,439.2712010224262,1.0,head
h_p8_cp82,439.1124845166731,1.0,head
h_p8_cp83,439.276525903172,1.0,head
h_p8_cp84,439.1163148749254,1.0,head
h_p8_cp85,439.2816765899409,1.0,head
h_p8_cp86,439.12062042075274,1.0,head
h_p8_cp87,439.28599927337,1.0,head
h_p8_cp88,439.12539812686106,1.0,head
h_p8_cp89,439.28906110525764,1.0,head
h_p8_cp90,439.13064331779526,1.0,head
h_p8_cp91,439.2914054158387,1.0,head
h_p8_cp92,439.13634880519896,1.0,head
h_p8_cp93,439.293822253525,1.0,head
h_p8_cp94,439.1425034143215,1.0,head
h_p8_cp95,439.2970050968564,1.0,head
h_p8_cp96,439.14908954570444,1.0,head
h_p8_cp97,439.3015550909015,1.0,head
h_p8_cp98,439.1560793115603,1.0,head
h_p8_cp99,439.30807215228384,1.0,head
h_p8_cp100,439.1634287191372,1.0,head
h_p8_cp101,439.31697899045673,1.0,head
h_p8_cp102,439.17106949731794,1.0,head
h_p8_cp103,439.32644261808775,1.0,head
h_p8_cp104,439.17889886729773,1.0,head
h_p8_cp105,439.3190444708795,1.0,head
h_p8_cp106,439.1867696111594,1.0,head
h_p8_cp107,439.31220822981095,1.0,head
h_p8_cp108,439.1944872274983,1.0,head
h_p8_cp109,439.3077871628382,1.0,head
h_p8_cp110,439.20182778381655,1.0,head
h_p8_cp111,439.30541671657573,1.0,head
h_p8_cp112,439.2085938911382,1.0,head
h_p8_cp113,439.3046312053349,1.0,head
h_p8_cp114,439.2147088244325,1.0,head
h_p8_cp115,439.30509721027323,1.0,head
h_p8_cp116,439.22028634148865,1.0,head
h_p8_cp117,439.3065779097647,1.0,head
h_p8_cp118,439.22556265730645,1.0,head
h_p8_cp119,439.30888208713543,1.0,head
h_p8_cp120,439.23080078841423,1.0,head
h_p8_cp121,439.3118252735355,1.0,head
h_p8_cp122,439.2362236276887,1.0,head
h_p8_cp123,439.3151996860271,1.0,head
h_p8_cp124,439.2419623365138,1.0,head
h_p8_cp125,439.3187507314646,1.0,head
h_p8_cp126,439.247974004605,1.0,head
h_p8_cp127,439.3221650280685,1.0,head
h_p8_cp128,439.2538629949903,1.0,head
h_p8_cp129,439.3250845258629,1.0,head
h_p8_cp130,439.2585479041786,1.0,head
h_p8_cp131,439.32716680247785,1.0,head
h_p8_cp132,439.25992604526175,1.0,head
h_p8_cp133,439.32819128488876,1.0,head
h_p8_cp134,439.25568383229455,1.0,head
h_p8_cp135,439.3281365533071,1.0,head
h_p8_cp136,439.248185476689,1.0,head
h_p8_cp137,439.327094336373,1.0,head
h_p8_cp138,439.2395894807244,1.0,head
h_p8_cp139,439.3251623394654,1.0,head
h_p8_cp140,439.2310445784619,1.0,head
h_p8_cp141,439.32239905608054,1.0,head
h_p8_cp142,439.22303361002525,1.0,head
h_p8_cp143,439.3188456774203,1.0,head
h_p8_cp144,439.2157170264538,1.0,head
h_p8_cp145,439.31458454288594,1.0,head
h_p8_cp146,439.20912202974375,1.0,head
h_p8_cp147,439.30978155294156,1.0,head
h_p8_cp148,439.20322878635506,1.0,head
h_p8_cp149,439.30466552746856,1.0,head
h_p8_cp150,439.19800574464074,1.0,head
h_p8_cp151,439.2994810090813,1.0,head
h_p8_cp152,439.19342263004205,1.0,head
h_p8_cp153,439.2944506847915,1.0,head
h_p8_cp154,439.1894543234904,1.0,head
h_p8_cp155,439.2897575710934,1.0,head
h_p9_cp0,500.4136734709602,1.0,head
h_p9_cp1,500.4846381073561,1.0,head
h_p9_cp2,500.4169562094995,1.0,head
h_p9_cp3,500.48821061315294,1.0,head
h_p9_cp4,500.4207693100271,1.0,head
h_p9_cp5,500.4923258191337,1.0,head
h_p9_cp6,500.42510762658674,1.0,head
h_p9_cp7,500.49697529364715,1.0,head
h_p9_cp8,500.4299669590244,1.0,head
h_p9_cp9,500.5021588908223,1.0,head
h_p9_cp10,500.43534447441846,1.0,head
h_p9_cp11,500.50788612704986,1.0,head
h_p9_cp12,500.44123908106144,1.0,head
h_p9_cp13,500.51417644914767,1.0,head
h_p9_cp14,500.44765173657805,1.0,head
h_p9_cp15,500.52105875799674,1.0,head
h_p9_cp16,500.45458568264775,1.0,head
h_p9_cp17,500.5285709470617,1.0,head
h_p9_cp18,500.4620466074174,1.0,head
h_p9_cp19,500.53676042658645,1.0,head
h_p9_cp20,500.47004273844436,1.0,head
h_p9_cp21,500.54568676166105,1.0,head
h_p9_cp22,500.47858485839606,1.0,head
h_p9_cp23,500.5554279111013,1.0,head
h_p9_cp24,500.4876862052487,1.0,head
h_p9_cp25,500.56609243846805,1.0,head
h_p9_cp26,500.49736215431506,1.0,head
h_p9_cp27,500.5778418471981,1.0,head
h_p9_cp28,500.5076294503191,1.0,head
h_p9_cp29,500.59092972666417,1.0,head
h_p9_cp30,500.51850449906993,1.0,head
h_p9_cp31,500.60576253113703,1.0,head
h_p9_cp32,500.52999971475214,1.0,head
h_p9_cp33,500.6229424841024,1.0,head
h_p9_cp34,500.54211593520176,1.0,head
h_p9_cp35,500.6429351414505,1.0,head
h_p9_cp36,500.55482717005873,1.0,head
h_p9_cp37,500.66309281847583,1.0,head
h_p9_cp38,500.568051313077,1.0,head
h_p9_cp39,500.6588912445706,1.0,head
h_p9_cp40,500.5815981310439,1.0,head
h_p9_cp41,500.6547772944148,1.0,head
h_p9_cp42,500.5950901590494,1.0,head
h_p9_cp43,500.65331940827554,1.0,head
h_p9_cp44,500.6078835916713,1.0,head
h_p9_cp45,500.65396939543814,1.0,head
h_p9_cp46,500.61911767711075,1.0,head
h_p9_cp47,500.65603793854234,1.0,head
h_p9_cp48,500.6281924943377,1.0,head
h_p9_cp49,500.6590263659819,1.0,head
h_p9_cp50,500.6357293695152,1.0,head
h_p9_cp51,500.6625829984029,1.0,head
h_p9_cp52,500.6426085856543,1.0,head
h_p9_cp53,500.66644061082764,1.0,head
h_p9_cp54,500.6494888553305,1.0,head
h_p9_cp55,500.6703735097402,1.0,head
h_p9_cp56,500.65675292299755,1.0,head
h_p9_cp57,500.6741693622005,1.0,head
h_p9_cp58,500.664576861686,1.0,head
h_p9_cp59,500.67761173255144,1.0,head
h_p9_cp60,500.6729898589618,1.0,head
h_p9_cp61,500.6804759329168,1.0,head
h_p9_cp62,500.68188942650704,1.0,head
h_p9_cp63,500.6825457451188,1.0,head
h_p9_cp64,500.69100559808146,1.0,head
h_p9_cp65,500.6836565321686,1.0,head
h_p9_cp66,500.69981748011634,1.0,head
h_p9_cp67,500.6837537767529,1.0,head
h_p9_cp68,500.7074626948749,1.0,head
h_p9_cp69,500.6829261265116,1.0,head
h_p9_cp70,500.71280477065375,1.0,head
h_p9_cp71,500.68136890364923,1.0,head
h_p9_cp72,500.7150365811986,1.0,head
h_p9_cp73,500.6793208644102,1.0,head
h_p9_cp74,500.7148889336061,1.0,head
h_p9_cp75,500.67701428923885,1.0,head
h_p9_cp76,500.7134290459756,1.0,head
h_p9_cp77,500.6746490740779,1.0,head
h_p9_cp78,500.711463568536,1.0,head
h_p9_cp79,500.67238518292044,1.0,head
h_p9_cp80,500.4159678627747,1.0,head
h_p9_cp81,500.7191090299252,1.0,head
h_p9_cp82,500.4186425067203,1.0,head
h_p9_cp83,500.7272491747438,1.0,head
h_p9_cp84,500.42169630270644,1.0,head
h_p9_cp85,500.7350975645112,1.0,head
h_p9_cp86,500.42512771458036,1.0,head
h_p9_cp87,500.74161881399607,1.0,head
h_p9_cp88,500.42893436106294,1.0,head
h_p9_cp89,500.7461399667621,1.0,head
h_p9_cp90,500.4331124198227,1.0,head
h_p9_cp91,500.74957550758364,1.0,head
h_p9_cp92,500.4376557355137,1.0,head
h_p9_cp93,500.75325723478664,1.0,head
h_p9_cp94,500.44255445270153,1.0,head
h_p9_cp95,500.75839461735063,1.0,head
h_p9_cp96,500.4477929002056,1.0,head
h_p9_cp97,500.76610495436915,1.0,head
h_p9_cp98,500.4533463437359,1.0,head
h_p9_cp99,500.77757741212,1.0,head
h_p9_cp100,500.4591761432979,1.0,head
h_p9_cp101,500.79366597434966,1.0,head
h_p9_cp102,500.4652229376045,1.0,head
h_p9_cp103,500.8104245328934,1.0,head
h_p9_cp104,500.47139806302727,1.0,head
h_p9_cp105,500.7905875534231,1.0,head
h_p9_cp106,500.4775751484895,1.0,head
h_p9_cp107,500.77141296386964,1.0,head
h_p9_cp108,500.4835875803933,1.0,head
h_p9_cp109,500.75686530728996,1.0,head
h_p9_cp110,500.48924330240374,1.0,head
h_p9_cp111,500.74617356626084,1.0,head
h_p9_cp112,500.494371657591,1.0,head
h_p9_cp113,500.7383600828677,1.0,head
h_p9_cp114,500.4989023443819,1.0,head
h_p9_cp115,500.73274351555773,1.0,head
h_p9_cp116,500.50292394940715,1.0,head
h_p9_cp117,500.7288687498897,1.0,head
h_p9_cp118,500.50662655488355,1.0,head
h_p9_cp119,500.72640729066234,1.0,head
h_p9_cp120,500.5102217926294,1.0,head
h_p9_cp121,500.7250876281726,1.0,head
h_p9_cp122,500.51388896427835,1.0,head
h_p9_cp123,500.72464819069796,1.0,head
h_p9_cp124,500.5177385138636,1.0,head
h_p9_cp125,500.72480472762004,1.0,head
h_p9_cp126,500.52175966139595,1.0,head
h_p9_cp127,500.72523246675115,1.0,head
h_p9_cp128,500.52570717845566,1.0,head
h_p9_cp129,500.7255733545555,1.0,head
h_p9_cp130,500.5288885130963,1.0,head
h_p9_cp131,500.7254843763339,1.0,head
h_p9_cp132,500.5299488841744,1.0,head
h_p9_cp133,500.72472607250455,1.0,head
h_p9_cp134,500.5273954160761,1.0,head
h_p9_cp135,500.7232267923374,1.0,head
h_p9_cp136,500.5227526386769,1.0,head
h_p9_cp137,500.7210076941701,1.0,head
h_p9_cp138,500.5174114428885,1.0,head
h_p9_cp139,500.7180917281712,1.0,head
h_p9_cp140,500.51211038457967,1.0,head
h_p9_cp141,500.7144698553737,1.0,head
h_p9_cp142,500.50715776453393,1.0,head
h_p9_cp143,500.71013019297106,1.0,head
h_p9_cp144,500.5026535050508,1.0,head
h_p9_cp145,500.7051215090763,1.0,head
h_p9_cp146,500.4986113999211,1.0,head
h_p9_cp147,500.69959691794526,1.0,head
h_p9_cp148,500.4950149288138,1.0,head
h_p9_cp149,500.6937877114646,1.0,head
h_p9_cp150,500.49184020235117,1.0,head
h_p9_cp151,500.6879484675258,1.0,head
h_p9_cp152,500.4890644749899,1.0,head
h_p9_cp153,500.6823135867835,1.0,head
h_p9_cp154,500.48666874787097,1.0,head
h_p9_cp155,500.67707634934226,1.0,head
